ID,Nombre,Descripción,Número de Serie,ID Personalizado de Activo,Categoría Principal,Subcategoría,Uso Específico,Parque,Amenidad,Descripción de Ubicación,Latitud,Longitud,Fabricante,Modelo,Número de Serie Técnico,Material,Dimensiones/Capacidad,Fecha de Instalación,Fecha de Última Inspección,Vida Útil Estimada (años),Estado,Condición,Historial de Mantenimiento,Fecha de Adquisición,Costo de Adquisición (MXN),Valor Actual (MXN),Fuente de Financiamiento,Persona Responsable,Área Asignada,URL Manual de Mantenimiento,Políticas de Uso,Frecuencia de Mantenimiento,Fecha de Último Mantenimiento,Fecha de Próximo Mantenimiento,Vida Útil Esperada (meses),Código QR,Notas Adicionales,Fecha de Creación,Última Actualización
123456,Edificio administrativo central,Edificio administrativo central espacio de gestión y coordinación de operaciones del parque.,6543,,Edificaciones de servicio,Operativas,,Parque Ecológico Explora,,,21.1215,-101.682,SafeCity,UrbanMax,SN-33760,Acero,94 m²,18/01/23,06/06/24,20,Activo,Bueno,,06/02/17,310354,241108,Donación,Ana Torres,Administración,http://manuales.parques.org/infraestructura.pdf,Restringido en horarios nocturnos.,,08/05/24,04/11/24,60,,Plan de mejora programado.,21/10/18,09/09/25 23:20
123457,Módulo de vigilancia,Módulo de vigilancia caseta de control para seguridad y supervisión interna.,6544,,Edificaciones de servicio,Seguridad,,Parque Fundidora,,,25.675,-100.286,SafeCity,SafePlay,SN-18263,Madera,98 m²,12/10/18,26/04/22,20,En Mantenimiento,Excelente,,28/01/15,47186,38369,Patrocinio,Sofía Vargas,Mantenimiento,http://manuales.parques.org/infraestructura.pdf,Permitido solo con supervisión de personal.,,19/04/23,13/04/24,60,,Revisión anual obligatoria.,09/05/18,09/09/25 23:20
123458,Taller de mantenimiento,Taller de mantenimiento área destinada a reparaciones y conservación de activos.,6545,,Edificaciones de servicio,Operativas,,Bosque de Chapultepec,,,19.4204,-99.1819,AquaSolutions,GreenLife,SN-41596,Madera,185 m²,01/12/18,20/01/22,15,Dañado,Regular,,17/12/16,319019,240926,Concesión,Ana Torres,Administración,http://manuales.parques.org/mantenimientoX.pdf,Permitido solo con supervisión de personal.,,15/06/20,10/06/21,12,,Pendiente de reposición de piezas menores.,20/03/17,09/09/25 23:20
123459,Bodega de insumos,Bodega de insumos espacio para almacenar herramientas y materiales.,6546,,Edificaciones de servicio,Operativas,,Parque Tangamanga I,,,22.144,-101.019,SafeCity,GreenLife,SN-18950,Madera,90 m²,28/08/25,28/07/22,25,Retirado,Malo,,14/03/21,492280,225471,Donación,Carlos Sánchez,Jardinería,http://manuales.parques.org/mantenimientoX.pdf,Restringido en horarios nocturnos.,,01/03/21,28/08/21,12,,Requiere inspección adicional en temporada de lluvias.,11/10/19,09/09/25 23:20
123460,Centro de primeros auxilios,Centro de primeros auxilios módulo de atención médica básica para emergencias.,6547,,Edificaciones de servicio,Operativas,,Parque Metropolitano de Guadalajara,,,20.7167,-103.45,PlayTech,HydroX,SN-66517,Acero,61 m²,04/12/20,24/04/23,25,Activo,Bueno,,30/01/20,377904,250243,Donación,Juan Pérez,Seguridad,http://manuales.parques.org/mobiliario.pdf,Cumplir normas de seguridad vigentes.,,25/09/23,19/09/24,36,,Plan de mejora programado.,10/04/16,09/09/25 23:20
123461,Taquilla de acceso,Taquilla de acceso punto de control y venta de boletos de entrada.,6548,,Edificaciones de servicio,Operativas,,Parque Bicentenario,,,19.478,-99.198,GreenBuild,X100,SN-10894,Plástico,88 m²,07/02/19,16/07/25,20,En Mantenimiento,Excelente,,02/05/17,71052,29672,Donación,María López,Mantenimiento,http://manuales.parques.org/infraestructura.pdf,Uso comunitario con previa reservación.,,07/06/20,04/12/20,120,,Requiere inspección adicional en temporada de lluvias.,29/01/20,09/09/25 23:20
123462,Cafetería concesionada,Cafetería concesionada local para venta de alimentos y bebidas.,6549,,Concesiones y servicios,Alimentos y bebidas,,Parque La Mexicana,,,19.36,-99.28,AquaSolutions,X100,SN-60246,Madera,172 m²,28/03/22,20/10/22,10,Dañado,Regular,,21/07/22,151263,70809,Donación,María López,Jardinería,http://manuales.parques.org/mobiliario.pdf,Uso exclusivo dentro del parque.,,06/09/24,01/09/25,60,,Pendiente de reposición de piezas menores.,22/11/15,09/09/25 23:20
123463,Oficina operativa,Oficina operativa espacio para administración de programas y personal.,6550,,Edificaciones de servicio,Operativas,,Parque Rufino Tamayo,,,25.65,-100.36,UrbanPlay,ProLine,SN-97017,Plástico,48 m²,22/09/23,02/06/22,10,Retirado,Malo,,27/04/15,315665,184078,Ingreso propio,Carlos Sánchez,Administración,http://manuales.parques.org/mantenimientoX.pdf,Permitido solo con supervisión de personal.,,09/07/24,31/12/25,36,,Activo en óptimas condiciones.,14/04/17,09/09/25 23:20
123464,Centro de control,Centro de control sala de monitoreo de sistemas del parque.,6551,,Edificaciones de servicio,Operativas,,Parque Central Ciudad Juárez,,,20.99,-89.63,GreenBuild,HydroX,SN-98224,Acero,141 m²,03/12/24,08/03/24,25,Activo,Bueno,,30/09/20,108420,53909,Presupuesto municipal,Luis Romero,Administración,http://manuales.parques.org/infraestructura.pdf,Cumplir normas de seguridad vigentes.,,22/05/21,18/11/21,24,,Revisión anual obligatoria.,20/09/16,09/09/25 23:20
123465,Sanitarios públicos,Sanitarios públicos instalaciones básicas de uso comunitario.,6552,,Edificaciones de servicio,Operativas,,Parque Guanajuato Bicentenario,,,21.02,-89.65,CityInfra,GreenLife,SN-50214,Madera,123 m²,26/08/22,23/07/22,5,En Mantenimiento,Excelente,,21/07/17,448007,143374,Concesión,Carlos Sánchez,Operación,http://manuales.parques.org/deportivo.pdf,Uso comunitario con previa reservación.,,04/08/21,31/01/22,36,,Revisión anual obligatoria.,17/09/16,09/09/25 23:20
123466,Barras paralelas,Barras paralelas estructura metálica para entrenamientos de fuerza y resistencia.,6553,,Áreas deportivas,Fitness,,Parque el Capitán,,,25.66521872,-100.360811,EcoPark Systems,ProLine,SN-83019,Madera,125 m²,04/05/22,29/04/24,5,Dañado,Regular,,25/12/22,147717,118997,Ingreso propio,Sofía Vargas,Administración,http://manuales.parques.org/mobiliario.pdf,Permitido solo con supervisión de personal.,,22/12/22,20/06/23,36,,Requiere inspección adicional en temporada de lluvias.,09/01/16,09/09/25 23:20
123467,Bicicleta fija outdoor,Bicicleta fija outdoor aparato cardiovascular resistente a intemperie.,6554,,Áreas deportivas,Fitness,,Parque Metropolitano de León,,,31.72,-106.43,EcoPark Systems,SafePlay,SN-17902,Mixto,113 m²,24/07/19,25/09/24,20,Retirado,Malo,,14/06/21,212956,107222,Concesión,Juan Pérez,Seguridad,http://manuales.parques.org/mantenimientoX.pdf,Permitido solo con supervisión de personal.,,10/07/24,01/01/26,36,,Plan de mejora programado.,31/03/15,09/09/25 23:20
123468,Máquina de remo exterior,Máquina de remo exterior equipo aeróbico para brazos y espalda.,6555,,Áreas deportivas,Fitness,,Gran Parque La Plancha,,,20.97844437,-89.61172739,PlayTech,X100,SN-71976,Plástico,99 m²,01/02/22,11/12/24,25,Activo,Bueno,,27/06/15,44181,25931,Concesión,Juan Pérez,Administración,http://manuales.parques.org/mantenimientoX.pdf,Uso exclusivo dentro del parque.,,27/01/24,25/07/24,12,,Revisión anual obligatoria.,04/06/19,09/09/25 23:20
123469,Banco de abdominales,Banco de abdominales banco inclinado para fortalecer abdomen.,6556,,Áreas deportivas,Fitness,,Bosque Los Colomos,,,20.70504496,-103.3902293,AquaSolutions,HydroX,SN-53035,Plástico,73 m²,19/07/25,02/03/25,20,En Mantenimiento,Excelente,,21/11/21,227261,73581,Ingreso propio,Luis Romero,Operación,http://manuales.parques.org/deportivo.pdf,Uso comunitario con previa reservación.,,05/04/22,31/03/23,60,,Activo en óptimas condiciones.,04/12/16,09/09/25 23:20
123470,Prensa de pecho,Prensa de pecho aparato outdoor para trabajar músculos pectorales.,6557,,Áreas deportivas,Fitness,,Parque Las Ribieras ,,,24.82111084,-107.4005941,CityInfra,EcoFlex,SN-59693,Madera,49 m²,17/06/22,20/03/23,25,Dañado,Regular,,04/07/16,267491,97952,Concesión,Luis Romero,Operación,http://manuales.parques.org/deportivo.pdf,Uso exclusivo dentro del parque.,,31/08/24,22/02/26,36,,Revisión anual obligatoria.,28/10/17,09/09/25 23:20
123471,Escaladora metálica,Escaladora metálica estructura de escalones para ejercicio aeróbico.,6558,,Áreas deportivas,Fitness,,Jardín Botánico de Culiacán,,,24.82376,-107.384967,UrbanPlay,ProLine,SN-97489,Mixto,85 m²,08/10/20,03/09/24,25,Retirado,Malo,,20/02/17,335159,211484,Donación,Sofía Vargas,Eventos,http://manuales.parques.org/mobiliario.pdf,Uso comunitario con previa reservación.,,20/10/23,14/10/24,24,,Requiere inspección adicional en temporada de lluvias.,15/12/15,09/09/25 23:20
123472,Máquina elíptica outdoor,Máquina elíptica outdoor aparato de bajo impacto para cardio.,6559,,Áreas deportivas,Fitness,,Parque Flor del Bosque,,,19.0211,-98.1011,EcoPark Systems,ProLine,SN-71594,Plástico,136 m²,21/07/22,10/07/22,20,Activo,Bueno,,26/12/16,421379,172763,Ingreso propio,Juan Pérez,Eventos,http://manuales.parques.org/mobiliario.pdf,Permitido solo con supervisión de personal.,,10/04/23,04/04/24,12,,Activo en óptimas condiciones.,29/04/17,09/09/25 23:20
123473,Máquina de dominadas asistidas,Máquina de dominadas asistidas estación para brazos y espalda.,6560,,Áreas deportivas,Fitness,,Parque Cultural Higalguense,,,20.09493696,-98.77239353,SafeCity,SafePlay,SN-36179,Acero,167 m²,26/12/22,17/09/23,10,En Mantenimiento,Excelente,,11/07/17,355238,194315,Ingreso propio,Juan Pérez,Operación,http://manuales.parques.org/deportivo.pdf,Restringido en horarios nocturnos.,,15/09/24,10/09/25,12,,Activo en óptimas condiciones.,14/10/20,09/09/25 23:20
123474,Rueda de estiramiento,Rueda de estiramiento aro metálico para movilidad articular.,6561,,Áreas deportivas,Fitness,,Parque Ecológico Explora,,,21.1215,-101.682,GreenBuild,X100,SN-41561,Madera,17 m²,14/08/23,11/05/22,25,Dañado,Regular,,11/01/16,346432,208722,Donación,Ana Torres,Administración,http://manuales.parques.org/deportivo.pdf,Cumplir normas de seguridad vigentes.,,23/12/22,18/12/23,120,,Pendiente de reposición de piezas menores.,19/02/15,09/09/25 23:20
123475,Máquina de extensión de piernas,Máquina de extensión de piernas aparato para fortalecer muslos.,6562,,Áreas deportivas,Fitness,,Parque Fundidora,,,25.675,-100.286,SafeCity,X100,SN-18609,Mixto,98 m²,20/06/20,18/08/24,10,Retirado,Malo,,22/11/16,145786,77681,Ingreso propio,Juan Pérez,Eventos,http://manuales.parques.org/mantenimientoX.pdf,Permitido solo con supervisión de personal.,,25/01/22,19/07/23,12,,Revisión anual obligatoria.,05/04/15,09/09/25 23:20
123476,Cancha de fútbol rápido,Cancha de fútbol rápido campo reducido con porterías.,6563,,Áreas deportivas,Canchas,,Bosque de Chapultepec,,,19.4204,-99.1819,AquaSolutions,HydroX,SN-28050,Mixto,175 personas,20/01/21,25/07/24,5,Activo,Bueno,,22/09/17,255418,133550,Patrocinio,Luis Romero,Seguridad,http://manuales.parques.org/mantenimientoX.pdf,Uso exclusivo dentro del parque.,,14/12/22,09/12/23,60,,Plan de mejora programado.,24/09/18,09/09/25 23:20
123477,Cancha de básquetbol,Cancha de básquetbol superficie con tableros y aros.,6564,,Áreas deportivas,Canchas,,Parque Tangamanga I,,,22.144,-101.019,EcoPark Systems,HydroX,SN-89972,Acero,74 personas,04/09/22,25/05/23,10,En Mantenimiento,Excelente,,14/10/16,260980,148382,Patrocinio,María López,Administración,http://manuales.parques.org/mantenimientoX.pdf,Cumplir normas de seguridad vigentes.,,15/12/23,09/12/24,24,,Plan de mejora programado.,16/01/16,09/09/25 23:20
123478,Cancha de voleibol,Cancha de voleibol espacio con red reglamentaria.,6565,,Áreas deportivas,Canchas,,Parque Metropolitano de Guadalajara,,,20.7167,-103.45,UrbanPlay,EcoFlex,SN-93792,Mixto,93 personas,26/11/22,02/03/24,20,Dañado,Regular,,19/09/21,257470,92542,Presupuesto municipal,Sofía Vargas,Eventos,http://manuales.parques.org/deportivo.pdf,Cumplir normas de seguridad vigentes.,,04/02/23,03/08/23,24,,Revisión anual obligatoria.,19/05/18,09/09/25 23:20
123479,Cancha de tenis,Cancha de tenis superficie plana con red central.,6566,,Áreas deportivas,Canchas,,Parque Bicentenario,,,19.478,-99.198,SafeCity,X100,SN-55545,Acero,84 personas,03/03/18,25/03/22,20,Retirado,Malo,,20/10/19,24490,10576,Patrocinio,Sofía Vargas,Seguridad,http://manuales.parques.org/mantenimientoX.pdf,Permitido solo con supervisión de personal.,,09/10/23,03/10/24,120,,Activo en óptimas condiciones.,13/05/17,09/09/25 23:20
123480,Cancha de pádel,Cancha de pádel cancha cerrada con muros.,6567,,Áreas deportivas,Canchas,,Parque La Mexicana,,,19.36,-99.28,AquaSolutions,EcoFlex,SN-77922,Madera,191 personas,30/04/22,27/06/24,5,Activo,Bueno,,27/11/20,325881,188735,Patrocinio,María López,Mantenimiento,http://manuales.parques.org/deportivo.pdf,Permitido solo con supervisión de personal.,,15/10/23,12/04/24,12,,Activo en óptimas condiciones.,06/12/15,09/09/25 23:20
123481,Campo de béisbol infantil,Campo de béisbol infantil espacio deportivo para ligas menores.,6568,,Áreas deportivas,Campos,,Parque Rufino Tamayo,,,25.65,-100.36,GreenBuild,ProLine,SN-67863,Plástico,2 personas,16/04/23,05/07/23,5,En Mantenimiento,Excelente,,04/09/20,229111,195661,Ingreso propio,María López,Seguridad,http://manuales.parques.org/deportivo.pdf,Cumplir normas de seguridad vigentes.,,23/05/24,14/11/25,120,,Revisión anual obligatoria.,04/10/18,09/09/25 23:20
123482,Cancha de softbol,Cancha de softbol campo pequeño para recreación.,6569,,Áreas deportivas,Canchas,,Parque Central Ciudad Juárez,,,20.99,-89.63,SafeCity,SafePlay,SN-60027,Mixto,116 personas,22/07/20,29/01/22,5,Dañado,Regular,,17/11/18,138801,110922,Ingreso propio,Juan Pérez,Mantenimiento,http://manuales.parques.org/deportivo.pdf,Permitido solo con supervisión de personal.,,26/04/23,20/04/24,12,,Requiere inspección adicional en temporada de lluvias.,12/12/20,09/09/25 23:20
123483,Cancha multiusos,Cancha multiusos superficie adaptable para deportes variados.,6570,,Áreas deportivas,Canchas,,Parque Guanajuato Bicentenario,,,21.02,-89.65,CityInfra,ProLine,SN-19678,Madera,134 personas,03/12/20,13/04/23,25,Retirado,Malo,,07/12/17,32393,21387,Concesión,Ana Torres,Administración,http://manuales.parques.org/mantenimientoX.pdf,Restringido en horarios nocturnos.,,25/04/20,22/10/20,120,,Pendiente de reposición de piezas menores.,22/05/19,09/09/25 23:20
123484,Pista de patinaje,Pista de patinaje área lisa para patinadores.,6571,,Áreas deportivas,Pistas,,Parque el Capitán,,,25.66521872,-100.360811,CityInfra,EcoFlex,SN-46340,Plástico,81 m²,04/10/21,16/05/23,15,Activo,Bueno,,08/09/21,448213,187555,Concesión,Ana Torres,Mantenimiento,http://manuales.parques.org/mantenimientoX.pdf,Cumplir normas de seguridad vigentes.,,20/11/21,15/11/22,12,,Activo en óptimas condiciones.,27/01/15,09/09/25 23:20
123485,Cancha de frontón,Cancha de frontón muro para rebotes de pelota.,6572,,Áreas deportivas,Canchas,,Parque Metropolitano de León,,,31.72,-106.43,PlayTech,UrbanMax,SN-52431,Plástico,45 personas,04/02/24,08/03/23,20,En Mantenimiento,Excelente,,14/03/22,255611,149148,Patrocinio,Ana Torres,Eventos,http://manuales.parques.org/infraestructura.pdf,Permitido solo con supervisión de personal.,,07/01/21,01/07/22,12,,Plan de mejora programado.,23/11/19,09/09/25 23:20
123486,Equipo de salto con garrocha,Equipo de salto con garrocha pértiga y colchón para saltos.,6573,,Áreas deportivas,Pistas,,Gran Parque La Plancha,,,20.97844437,-89.61172739,UrbanPlay,EcoFlex,SN-55816,Acero,75 m²,09/08/24,15/12/22,15,Dañado,Regular,,26/02/16,279063,245903,Patrocinio,María López,Administración,http://manuales.parques.org/infraestructura.pdf,Uso comunitario con previa reservación.,,23/11/24,18/11/25,60,,Pendiente de reposición de piezas menores.,27/09/19,09/09/25 23:20
123487,Juego de vallas reglamentarias,Juego de vallas reglamentarias obstáculos ajustables para competencias.,6574,,Áreas deportivas,Pistas,,Bosque Los Colomos,,,20.70504496,-103.3902293,SafeCity,UrbanMax,SN-53820,Acero,198 m²,31/07/20,27/09/23,20,Retirado,Malo,,23/01/17,97235,87030,Concesión,Carlos Sánchez,Eventos,http://manuales.parques.org/deportivo.pdf,Uso exclusivo dentro del parque.,,24/01/21,19/01/22,60,,Plan de mejora programado.,08/10/16,09/09/25 23:20
123488,Colchoneta de salto de altura,Colchoneta de salto de altura base acolchada para caídas.,6575,,Áreas deportivas,Pistas,,Parque Las Ribieras ,,,24.82111084,-107.4005941,GreenBuild,GreenLife,SN-66459,Acero,31 m²,02/06/24,23/04/22,5,Activo,Bueno,,26/09/15,98098,51241,Patrocinio,Luis Romero,Eventos,http://manuales.parques.org/mobiliario.pdf,Restringido en horarios nocturnos.,,20/11/24,15/11/25,60,,Activo en óptimas condiciones.,01/07/18,09/09/25 23:20
123489,Disco de lanzamiento,Disco de lanzamiento implemento circular de atletismo.,6576,,Áreas deportivas,Pistas,,Jardín Botánico de Culiacán,,,24.82376,-107.384967,GreenBuild,HydroX,SN-29347,Acero,177 m²,21/11/18,18/09/23,25,En Mantenimiento,Excelente,,17/05/20,215452,192639,Donación,Carlos Sánchez,Administración,http://manuales.parques.org/infraestructura.pdf,Uso exclusivo dentro del parque.,,29/01/21,23/07/22,24,,Plan de mejora programado.,07/09/15,09/09/25 23:20
123490,Jabalina,Jabalina lanza ligera para pruebas de campo.,6577,,Áreas deportivas,Pistas,,Parque Flor del Bosque,,,19.0211,-98.1011,SafeCity,ProLine,SN-79616,Madera,50 m²,14/03/21,20/07/25,25,Dañado,Regular,,11/11/21,84704,60229,Concesión,Ana Torres,Operación,http://manuales.parques.org/deportivo.pdf,Cumplir normas de seguridad vigentes.,,07/01/20,30/06/21,60,,Pendiente de reposición de piezas menores.,25/09/19,09/09/25 23:20
123491,Bala de impulso,Bala de impulso esfera metálica para lanzamiento.,6578,,Áreas deportivas,Pistas,,Parque Cultural Higalguense,,,20.09493696,-98.77239353,GreenBuild,EcoFlex,SN-65471,Acero,142 m²,03/06/24,05/05/24,15,Retirado,Malo,,10/12/20,146385,111435,Donación,Luis Romero,Mantenimiento,http://manuales.parques.org/deportivo.pdf,Uso comunitario con previa reservación.,,18/09/24,17/03/25,12,,Revisión anual obligatoria.,18/05/16,09/09/25 23:20
123492,Cronómetro digital,Cronómetro digital dispositivo de medición de tiempos.,6579,,Áreas deportivas,Pistas,,Parque Ecológico Explora,,,21.1215,-101.682,UrbanPlay,GreenLife,SN-11591,Acero,7 m²,05/03/19,28/06/23,25,Activo,Bueno,,27/11/22,73766,33000,Presupuesto municipal,María López,Mantenimiento,http://manuales.parques.org/mantenimientoX.pdf,Uso comunitario con previa reservación.,,01/07/20,23/12/21,60,,Requiere inspección adicional en temporada de lluvias.,23/01/20,09/09/25 23:20
123493,Conos de marcaje,Conos de marcaje señalizadores plásticos de entrenamiento.,6580,,Áreas deportivas,Pistas,,Parque Fundidora,,,25.675,-100.286,EcoPark Systems,X100,SN-75136,Acero,73 m²,04/08/22,22/04/22,20,En Mantenimiento,Excelente,,10/06/18,187039,167624,Concesión,Ana Torres,Mantenimiento,http://manuales.parques.org/infraestructura.pdf,Restringido en horarios nocturnos.,,13/03/20,04/09/21,12,,Requiere inspección adicional en temporada de lluvias.,11/06/16,09/09/25 23:20
123494,Pértiga de entrenamiento,Pértiga de entrenamiento barra flexible para saltos.,6581,,Áreas deportivas,Pistas,,Bosque de Chapultepec,,,19.4204,-99.1819,AquaSolutions,GreenLife,SN-76795,Acero,8 m²,25/02/23,05/08/24,25,Dañado,Regular,,06/05/21,34170,15879,Donación,Ana Torres,Jardinería,http://manuales.parques.org/infraestructura.pdf,Permitido solo con supervisión de personal.,,29/04/23,23/04/24,24,,Activo en óptimas condiciones.,22/12/15,09/09/25 23:20
123495,Pistola de salida,Pistola de salida dispositivo sonoro para carreras.,6582,,Áreas deportivas,Pistas,,Parque Tangamanga I,,,22.144,-101.019,CityInfra,SafePlay,SN-75408,Plástico,38 m²,08/12/22,13/06/22,10,Retirado,Malo,,24/07/21,404072,268785,Donación,Luis Romero,Jardinería,http://manuales.parques.org/infraestructura.pdf,Uso exclusivo dentro del parque.,,27/02/20,21/02/21,12,,Plan de mejora programado.,24/03/17,09/09/25 23:20
123496,Computadora de escritorio,Computadora de escritorio equipo fijo de oficina.,6583,,Edificaciones de servicio,Operativas,,Parque Metropolitano de Guadalajara,,,20.7167,-103.45,PlayTech,SafePlay,SN-58259,Mixto,109 m²,06/12/23,13/08/22,5,Activo,Bueno,,02/06/22,252298,76708,Concesión,Sofía Vargas,Administración,http://manuales.parques.org/mantenimientoX.pdf,Permitido solo con supervisión de personal.,,26/11/23,24/05/24,120,,Activo en óptimas condiciones.,17/08/16,09/09/25 23:20
123497,Laptop de coordinación,Laptop de coordinación dispositivo portátil para gestión.,6584,,Edificaciones de servicio,Operativas,,Parque Bicentenario,,,19.478,-99.198,GreenBuild,HydroX,SN-19006,Madera,194 m²,20/11/21,29/08/24,25,En Mantenimiento,Excelente,,12/01/21,134176,90102,Presupuesto municipal,Sofía Vargas,Eventos,http://manuales.parques.org/deportivo.pdf,Uso comunitario con previa reservación.,,13/02/24,07/02/25,24,,Revisión anual obligatoria.,29/03/16,09/09/25 23:20
123498,Servidor central de datos,Servidor central de datos sistema para almacenar información.,6585,,Edificaciones de servicio,Operativas,,Parque La Mexicana,,,19.36,-99.28,EcoPark Systems,HydroX,SN-76458,Madera,80 m²,28/09/22,03/08/23,15,Dañado,Regular,,10/08/19,43586,37950,Patrocinio,Sofía Vargas,Operación,http://manuales.parques.org/infraestructura.pdf,Uso comunitario con previa reservación.,,27/03/24,22/03/25,36,,Revisión anual obligatoria.,19/01/18,09/09/25 23:20
123499,Tableta de campo,Tableta de campo dispositivo móvil para inspecciones.,6586,,Áreas deportivas,Campos,,Parque Rufino Tamayo,,,25.65,-100.36,CityInfra,ProLine,SN-32775,Plástico,156 m²,09/11/25,27/04/24,25,Retirado,Malo,,11/10/19,384386,324625,Patrocinio,Ana Torres,Seguridad,http://manuales.parques.org/deportivo.pdf,Permitido solo con supervisión de personal.,,30/06/24,22/12/25,24,,Requiere inspección adicional en temporada de lluvias.,21/03/15,09/09/25 23:20
123500,Impresora multifuncional,Impresora multifuncional equipo para impresión y copias.,6587,,Edificaciones de servicio,Operativas,,Parque Central Ciudad Juárez,,,20.99,-89.63,SafeCity,EcoFlex,SN-72703,Acero,85 m²,06/01/25,08/04/25,5,Activo,Bueno,,12/10/17,308510,186186,Ingreso propio,Sofía Vargas,Administración,http://manuales.parques.org/mobiliario.pdf,Restringido en horarios nocturnos.,,09/10/21,04/10/22,36,,Plan de mejora programado.,04/09/19,09/09/25 23:20
123501,Escáner de documentos,Escáner de documentos máquina digitalizadora de archivos.,6588,,Edificaciones de servicio,Operativas,,Parque Guanajuato Bicentenario,,,21.02,-89.65,SafeCity,HydroX,SN-94004,Mixto,65 m²,15/02/24,09/06/25,15,En Mantenimiento,Excelente,,25/07/22,444628,344901,Presupuesto municipal,Ana Torres,Seguridad,http://manuales.parques.org/deportivo.pdf,Restringido en horarios nocturnos.,,14/04/24,06/10/25,60,,Revisión anual obligatoria.,21/09/16,09/09/25 23:20
123502,Pantalla de proyección,Pantalla de proyección superficie para presentaciones.,6589,,Edificaciones de servicio,Operativas,,Parque el Capitán,,,25.66521872,-100.360811,EcoPark Systems,EcoFlex,SN-45469,Mixto,17 m²,25/12/20,19/10/24,5,Dañado,Regular,,17/07/16,381450,334883,Presupuesto municipal,Sofía Vargas,Administración,http://manuales.parques.org/deportivo.pdf,Uso comunitario con previa reservación.,,27/10/20,25/04/21,12,,Pendiente de reposición de piezas menores.,24/05/16,09/09/25 23:20
123503,Proyector portátil,Proyector portátil dispositivo audiovisual transportable.,6590,,Edificaciones de servicio,Operativas,,Parque Metropolitano de León,,,31.72,-106.43,SafeCity,SafePlay,SN-66264,Madera,145 m²,19/10/22,27/03/24,25,Retirado,Malo,,10/09/15,222472,197719,Ingreso propio,Luis Romero,Operación,http://manuales.parques.org/deportivo.pdf,Uso exclusivo dentro del parque.,,04/09/23,29/08/24,12,,Plan de mejora programado.,13/06/18,09/09/25 23:20
123504,Sistema de cámaras IP,Sistema de cámaras IP red de vigilancia digital.,6591,,Equipamiento de seguridad,Monitoreo,,Gran Parque La Plancha,,,20.97844437,-89.61172739,SafeCity,UrbanMax,SN-71247,Acero,194 m²,28/10/24,16/09/22,10,Activo,Bueno,,07/10/15,430756,372438,Concesión,Ana Torres,Administración,http://manuales.parques.org/mobiliario.pdf,Restringido en horarios nocturnos.,,22/05/20,17/05/21,120,,Pendiente de reposición de piezas menores.,01/01/16,09/09/25 23:20
123505,Software de gestión,Software de gestión plataforma informática de control.,6592,,Edificaciones de servicio,Operativas,,Bosque Los Colomos,,,20.70504496,-103.3902293,UrbanPlay,EcoFlex,SN-83550,Plástico,154 m²,04/08/21,27/12/25,20,En Mantenimiento,Excelente,,19/04/20,407209,165638,Donación,María López,Operación,http://manuales.parques.org/infraestructura.pdf,Permitido solo con supervisión de personal.,,31/12/20,26/12/21,60,,Activo en óptimas condiciones.,12/01/20,09/09/25 23:20
123506,Escritorio modular,Escritorio modular mesa adaptable de oficina.,6593,,Edificaciones de servicio,Operativas,,Parque Las Ribieras ,,,24.82111084,-107.4005941,AquaSolutions,UrbanMax,SN-99811,Acero,81 m²,13/02/19,29/06/22,25,Dañado,Regular,,15/11/16,445993,205481,Patrocinio,Carlos Sánchez,Jardinería,http://manuales.parques.org/infraestructura.pdf,Restringido en horarios nocturnos.,,08/06/21,03/06/22,120,,Pendiente de reposición de piezas menores.,25/04/18,09/09/25 23:20
123507,Silla ergonómica,Silla ergonómica asiento diseñado para comodidad.,6594,,Edificaciones de servicio,Operativas,,Jardín Botánico de Culiacán,,,24.82376,-107.384967,PlayTech,UrbanMax,SN-79733,Plástico,106 m²,05/09/22,01/05/23,15,Retirado,Malo,,16/11/19,194400,60741,Presupuesto municipal,Carlos Sánchez,Mantenimiento,http://manuales.parques.org/infraestructura.pdf,Uso comunitario con previa reservación.,,07/05/20,29/10/21,120,,Activo en óptimas condiciones.,18/11/20,09/09/25 23:20
123508,Archivador metálico,Archivador metálico mueble para resguardar documentos.,6595,,Edificaciones de servicio,Operativas,,Parque Flor del Bosque,,,19.0211,-98.1011,PlayTech,X100,SN-95197,Mixto,26 m²,11/07/25,16/02/23,25,Activo,Bueno,,28/06/22,319936,242046,Ingreso propio,Juan Pérez,Operación,http://manuales.parques.org/infraestructura.pdf,Restringido en horarios nocturnos.,,14/02/20,12/08/20,120,,Plan de mejora programado.,30/09/19,09/09/25 23:20
123509,Estación de trabajo,Estación de trabajo espacio organizado para personal.,6596,,Edificaciones de servicio,Operativas,,Parque Cultural Higalguense,,,20.09493696,-98.77239353,CityInfra,GreenLife,SN-92843,Plástico,84 m²,13/08/23,08/07/22,15,En Mantenimiento,Excelente,,02/09/16,435027,333160,Presupuesto municipal,Juan Pérez,Operación,http://manuales.parques.org/infraestructura.pdf,Uso comunitario con previa reservación.,,14/09/24,13/03/25,12,,Revisión anual obligatoria.,28/09/20,09/09/25 23:20
123510,Pizarra blanca,Pizarra blanca superficie para anotaciones borrables.,6597,,Edificaciones de servicio,Operativas,,Parque Ecológico Explora,,,21.1215,-101.682,CityInfra,ProLine,SN-76365,Mixto,193 m²,27/12/23,30/04/24,5,Dañado,Regular,,07/06/20,82248,41673,Ingreso propio,Ana Torres,Operación,http://manuales.parques.org/mantenimientoX.pdf,Uso exclusivo dentro del parque.,,11/04/22,06/04/23,120,,Revisión anual obligatoria.,06/04/19,09/09/25 23:20
123511,Estante de documentos,Estante de documentos estructura para almacenar carpetas.,6598,,Edificaciones de servicio,Operativas,,Parque Fundidora,,,25.675,-100.286,UrbanPlay,UrbanMax,SN-60978,Madera,125 m²,28/01/18,01/09/25,15,Retirado,Malo,,03/07/22,123781,78462,Patrocinio,Luis Romero,Mantenimiento,http://manuales.parques.org/mantenimientoX.pdf,Cumplir normas de seguridad vigentes.,,03/01/24,28/12/24,60,,Revisión anual obligatoria.,12/03/16,09/09/25 23:20
123512,Teléfono IP,Teléfono IP aparato de comunicación digital.,6599,,Edificaciones de servicio,Operativas,,Bosque de Chapultepec,,,19.4204,-99.1819,PlayTech,ProLine,SN-34401,Mixto,66 m²,16/10/19,18/12/25,15,Activo,Bueno,,06/09/19,54261,48256,Patrocinio,Carlos Sánchez,Eventos,http://manuales.parques.org/mantenimientoX.pdf,Restringido en horarios nocturnos.,,31/07/24,26/07/25,12,,Activo en óptimas condiciones.,07/12/20,09/09/25 23:20
123513,Cafetera institucional,Cafetera institucional máquina para preparar café.,6600,,Edificaciones de servicio,Operativas,,Parque Tangamanga I,,,22.144,-101.019,GreenBuild,HydroX,SN-61362,Plástico,48 m²,10/02/23,09/01/25,5,En Mantenimiento,Excelente,,07/01/15,242101,137256,Ingreso propio,Luis Romero,Operación,http://manuales.parques.org/deportivo.pdf,Restringido en horarios nocturnos.,,09/01/21,08/07/21,24,,Plan de mejora programado.,12/02/19,09/09/25 23:20
123514,Sistema de videoconferencia,Sistema de videoconferencia tecnología para reuniones virtuales.,6601,,Edificaciones de servicio,Operativas,,Parque Metropolitano de Guadalajara,,,20.7167,-103.45,AquaSolutions,UrbanMax,SN-92792,Plástico,177 m²,28/02/24,16/08/22,5,Dañado,Regular,,17/05/22,316065,112783,Presupuesto municipal,Juan Pérez,Eventos,http://manuales.parques.org/infraestructura.pdf,Cumplir normas de seguridad vigentes.,,13/05/20,08/05/21,120,,Revisión anual obligatoria.,28/04/16,09/09/25 23:20
123515,Reloj checador,Reloj checador dispositivo para control de asistencia.,6602,,Edificaciones de servicio,Operativas,,Parque Bicentenario,,,19.478,-99.198,AquaSolutions,EcoFlex,SN-88147,Plástico,159 m²,04/05/21,25/09/24,15,Retirado,Malo,,06/01/15,432449,165880,Patrocinio,Luis Romero,Jardinería,http://manuales.parques.org/deportivo.pdf,Uso comunitario con previa reservación.,,14/10/21,09/10/22,24,,Activo en óptimas condiciones.,04/10/16,09/09/25 23:20
123516,Podadora manual,Podadora manual herramienta de corte de césped.,6603,,Vehículos y maquinaria,Maquinaria,,Parque La Mexicana,,,19.36,-99.28,EcoPark Systems,EcoFlex,SN-37778,Acero,81 m²,06/09/20,04/06/23,20,Activo,Bueno,,11/02/18,136897,116088,Ingreso propio,Juan Pérez,Jardinería,http://manuales.parques.org/mantenimientoX.pdf,Cumplir normas de seguridad vigentes.,,01/01/24,24/06/25,60,,Requiere inspección adicional en temporada de lluvias.,10/11/18,09/09/25 23:20
123517,Motosierra eléctrica,Motosierra eléctrica equipo para poda de árboles.,6604,,Vehículos y maquinaria,Maquinaria,,Parque Rufino Tamayo,,,25.65,-100.36,CityInfra,SafePlay,SN-96367,Madera,196 m²,07/08/23,12/10/22,25,En Mantenimiento,Excelente,,07/10/16,411784,298629,Donación,Luis Romero,Mantenimiento,http://manuales.parques.org/mobiliario.pdf,Uso comunitario con previa reservación.,,13/12/23,10/06/24,120,,Revisión anual obligatoria.,02/06/16,09/09/25 23:20
123518,Sopladora de hojas,Sopladora de hojas aparato para limpiar superficies.,6605,,Vehículos y maquinaria,Maquinaria,,Parque Central Ciudad Juárez,,,20.99,-89.63,CityInfra,SafePlay,SN-87455,Mixto,186 m²,11/12/19,01/04/22,15,Dañado,Regular,,15/06/17,374724,145243,Ingreso propio,Sofía Vargas,Mantenimiento,http://manuales.parques.org/infraestructura.pdf,Cumplir normas de seguridad vigentes.,,26/09/21,25/03/22,60,,Revisión anual obligatoria.,24/07/18,09/09/25 23:20
123519,Desbrozadora,Desbrozadora máquina para eliminar maleza.,6606,,Vehículos y maquinaria,Maquinaria,,Parque Guanajuato Bicentenario,,,21.02,-89.65,CityInfra,SafePlay,SN-25413,Plástico,35 m²,29/10/24,06/04/24,15,Retirado,Malo,,19/10/20,212743,144137,Concesión,Carlos Sánchez,Mantenimiento,http://manuales.parques.org/mantenimientoX.pdf,Cumplir normas de seguridad vigentes.,,25/07/21,21/01/22,12,,Pendiente de reposición de piezas menores.,01/10/19,09/09/25 23:20
123520,Pala cuadrada,Pala cuadrada herramienta básica de excavación.,6607,,Vehículos y maquinaria,Maquinaria,,Parque el Capitán,,,25.66521872,-100.360811,GreenBuild,UrbanMax,SN-75387,Mixto,58 m²,14/07/19,18/03/25,25,Activo,Bueno,,03/12/18,242376,130747,Concesión,Ana Torres,Seguridad,http://manuales.parques.org/mantenimientoX.pdf,Restringido en horarios nocturnos.,,29/09/23,23/09/24,60,,Activo en óptimas condiciones.,11/09/15,09/09/25 23:20
123521,Rastrillo metálico,Rastrillo metálico utensilio para juntar hojas.,6608,,Vehículos y maquinaria,Maquinaria,,Parque Metropolitano de León,,,31.72,-106.43,UrbanPlay,X100,SN-52651,Acero,113 m²,19/02/25,25/06/25,20,En Mantenimiento,Excelente,,13/12/20,250599,158977,Concesión,María López,Eventos,http://manuales.parques.org/deportivo.pdf,Permitido solo con supervisión de personal.,,10/06/20,07/12/20,24,,Activo en óptimas condiciones.,23/12/19,09/09/25 23:20
123522,Carretilla,Carretilla vehículo manual para transportar cargas.,6609,,Vehículos y maquinaria,Maquinaria,,Gran Parque La Plancha,,,20.97844437,-89.61172739,EcoPark Systems,X100,SN-55931,Madera,168 m²,30/05/18,04/08/23,25,Dañado,Regular,,17/05/22,181165,134052,Ingreso propio,María López,Mantenimiento,http://manuales.parques.org/mobiliario.pdf,Cumplir normas de seguridad vigentes.,,13/04/21,10/10/21,24,,Requiere inspección adicional en temporada de lluvias.,16/02/19,09/09/25 23:20
123523,Martillo neumático,Martillo neumático herramienta de demolición de concreto.,6610,,Vehículos y maquinaria,Maquinaria,,Bosque Los Colomos,,,20.70504496,-103.3902293,GreenBuild,X100,SN-14195,Acero,155 m²,22/07/22,14/10/23,25,Retirado,Malo,,06/10/18,486327,242854,Patrocinio,María López,Administración,http://manuales.parques.org/mantenimientoX.pdf,Uso comunitario con previa reservación.,,21/03/20,17/09/20,24,,Pendiente de reposición de piezas menores.,04/03/16,09/09/25 23:20
123524,Juego de llaves,Juego de llaves conjunto de herramientas mecánicas.,6611,,Vehículos y maquinaria,Maquinaria,,Parque Las Ribieras ,,,24.82111084,-107.4005941,GreenBuild,HydroX,SN-43900,Mixto,191 m²,25/08/24,27/02/22,20,Activo,Bueno,,20/09/21,286659,147523,Presupuesto municipal,Luis Romero,Operación,http://manuales.parques.org/deportivo.pdf,Cumplir normas de seguridad vigentes.,,23/06/20,15/12/21,24,,Pendiente de reposición de piezas menores.,10/11/18,09/09/25 23:20
123525,Escalera extensible,Escalera extensible estructura para alcanzar alturas.,6612,,Vehículos y maquinaria,Maquinaria,,Jardín Botánico de Culiacán,,,24.82376,-107.384967,UrbanPlay,ProLine,SN-19769,Acero,142 m²,12/08/18,05/02/25,15,En Mantenimiento,Excelente,,19/10/22,184884,114041,Patrocinio,Juan Pérez,Administración,http://manuales.parques.org/mobiliario.pdf,Uso exclusivo dentro del parque.,,06/11/20,05/05/21,12,,Activo en óptimas condiciones.,15/04/16,09/09/25 23:20
123526,Bolardo solar,Bolardo solar poste iluminado con energía solar.,6613,,Infraestructura básica,Caminos y veredas,,Parque Flor del Bosque,,,19.0211,-98.1011,CityInfra,EcoFlex,SN-55366,Acero,53 m²,23/02/24,20/01/22,10,Dañado,Regular,,21/07/19,486176,372418,Concesión,Ana Torres,Operación,http://manuales.parques.org/infraestructura.pdf,Cumplir normas de seguridad vigentes.,,04/03/20,27/02/21,36,,Activo en óptimas condiciones.,27/05/18,09/09/25 23:20
123527,Bolardo LED,Bolardo LED bolardo urbano con luz LED.,6614,,Infraestructura básica,Caminos y veredas,,Parque Cultural Higalguense,,,20.09493696,-98.77239353,GreenBuild,EcoFlex,SN-26256,Mixto,74 m²,20/08/20,10/07/24,15,Retirado,Malo,,27/01/22,184065,124397,Ingreso propio,Ana Torres,Seguridad,http://manuales.parques.org/infraestructura.pdf,Restringido en horarios nocturnos.,,06/12/23,30/11/24,120,,Activo en óptimas condiciones.,15/10/15,09/09/25 23:20
123528,Bolardo antivandálico,Bolardo antivandálico poste reforzado contra daños.,6615,,Infraestructura básica,Caminos y veredas,,Parque Ecológico Explora,,,21.1215,-101.682,PlayTech,EcoFlex,SN-78545,Plástico,168 m²,10/10/18,07/04/25,5,Activo,Bueno,,17/09/20,235042,162119,Presupuesto municipal,Juan Pérez,Operación,http://manuales.parques.org/deportivo.pdf,Uso exclusivo dentro del parque.,,06/04/23,31/03/24,12,,Requiere inspección adicional en temporada de lluvias.,29/06/16,09/09/25 23:20
123529,Bolardo decorativo,Bolardo decorativo elemento urbano con luz cálida.,6616,,Infraestructura básica,Caminos y veredas,,Parque Fundidora,,,25.675,-100.286,EcoPark Systems,GreenLife,SN-16207,Mixto,19 m²,15/09/23,28/01/22,25,En Mantenimiento,Excelente,,02/07/19,492978,257715,Presupuesto municipal,Sofía Vargas,Seguridad,http://manuales.parques.org/deportivo.pdf,Cumplir normas de seguridad vigentes.,,27/11/22,20/05/24,120,,Pendiente de reposición de piezas menores.,10/09/19,09/09/25 23:20
123530,Bolardo fotovoltaico,Bolardo fotovoltaico bolardo con panel solar.,6617,,Infraestructura básica,Caminos y veredas,,Bosque de Chapultepec,,,19.4204,-99.1819,EcoPark Systems,X100,SN-59607,Plástico,200 m²,26/01/22,01/04/25,25,Dañado,Regular,,31/08/15,355708,212044,Concesión,Carlos Sánchez,Operación,http://manuales.parques.org/deportivo.pdf,Cumplir normas de seguridad vigentes.,,27/09/23,21/09/24,36,,Requiere inspección adicional en temporada de lluvias.,08/11/15,09/09/25 23:20
123531,Camino empedrado,Camino empedrado sendero de piedra para peatones.,6618,,Infraestructura básica,Caminos y veredas,,Parque Tangamanga I,,,22.144,-101.019,UrbanPlay,SafePlay,SN-58850,Acero,68 m²,17/12/25,04/11/24,25,Retirado,Malo,,12/08/18,283619,209230,Patrocinio,Sofía Vargas,Operación,http://manuales.parques.org/infraestructura.pdf,Permitido solo con supervisión de personal.,,29/09/20,24/09/21,60,,Plan de mejora programado.,08/06/19,09/09/25 23:20
123532,Sendero compactado,Sendero compactado ruta de tierra apisonada.,6619,,Infraestructura básica,Caminos y veredas,,Parque Metropolitano de Guadalajara,,,20.7167,-103.45,SafeCity,UrbanMax,SN-94324,Acero,134 m²,25/10/23,01/03/23,20,Activo,Bueno,,01/08/16,214688,190824,Donación,Sofía Vargas,Eventos,http://manuales.parques.org/infraestructura.pdf,Permitido solo con supervisión de personal.,,23/03/22,19/09/22,24,,Activo en óptimas condiciones.,15/02/19,09/09/25 23:20
123533,Vereda de grava,Vereda de grava camino de grava sencilla.,6620,,Infraestructura básica,Caminos y veredas,,Parque Bicentenario,,,19.478,-99.198,CityInfra,SafePlay,SN-74654,Acero,41 m²,14/09/21,07/02/25,10,En Mantenimiento,Excelente,,22/09/21,70941,37621,Donación,Luis Romero,Jardinería,http://manuales.parques.org/mantenimientoX.pdf,Permitido solo con supervisión de personal.,,25/02/20,19/02/21,24,,Activo en óptimas condiciones.,16/01/15,09/09/25 23:20
123534,Andador de concreto,Andador de concreto pasillo pavimentado para caminar.,6621,,Infraestructura básica,Caminos y veredas,,Parque La Mexicana,,,19.36,-99.28,GreenBuild,SafePlay,SN-42157,Plástico,132 m²,14/06/24,08/08/23,20,Dañado,Regular,,27/01/17,354710,264549,Patrocinio,Luis Romero,Seguridad,http://manuales.parques.org/deportivo.pdf,Restringido en horarios nocturnos.,,10/01/24,03/07/25,12,,Activo en óptimas condiciones.,16/03/16,09/09/25 23:20
123535,Pista de jogging,Pista de jogging superficie sintética para correr.,6622,,Áreas deportivas,Pistas,,Parque Rufino Tamayo,,,25.65,-100.36,EcoPark Systems,ProLine,SN-11488,Plástico,101 m²,18/11/21,05/12/24,10,Retirado,Malo,,16/02/17,166406,82950,Ingreso propio,Carlos Sánchez,Operación,http://manuales.parques.org/infraestructura.pdf,Uso comunitario con previa reservación.,,08/01/23,07/07/23,24,,Plan de mejora programado.,17/03/18,09/09/25 23:20
123536,Kiosco central,Kiosco central estructura techada de reunión social.,6623,,Mobiliario urbano,Complementos,,Parque Central Ciudad Juárez,,,20.99,-89.63,GreenBuild,HydroX,SN-28549,Madera,148 m²,27/06/19,07/03/24,15,Activo,Bueno,,06/01/20,365201,182534,Ingreso propio,María López,Seguridad,http://manuales.parques.org/infraestructura.pdf,Uso exclusivo dentro del parque.,,30/05/21,26/11/21,24,,Pendiente de reposición de piezas menores.,26/10/16,09/09/25 23:20
123537,Quiosco de música,Quiosco de música pabellón para conciertos comunitarios.,6624,,Mobiliario urbano,Complementos,,Parque Guanajuato Bicentenario,,,21.02,-89.65,EcoPark Systems,ProLine,SN-73619,Mixto,58 m²,11/03/21,26/08/22,15,En Mantenimiento,Excelente,,07/01/16,253506,158412,Patrocinio,Ana Torres,Eventos,http://manuales.parques.org/infraestructura.pdf,Cumplir normas de seguridad vigentes.,,03/07/20,28/06/21,36,,Requiere inspección adicional en temporada de lluvias.,08/12/20,09/09/25 23:20
123538,Cafetería,Cafetería local pequeño de alimentos.,6625,,Concesiones y servicios,Alimentos y bebidas,,Parque el Capitán,,,25.66521872,-100.360811,AquaSolutions,HydroX,SN-85954,Plástico,73 m²,23/04/25,23/10/24,15,Dañado,Regular,,11/07/15,139015,87321,Patrocinio,Carlos Sánchez,Jardinería,http://manuales.parques.org/mobiliario.pdf,Restringido en horarios nocturnos.,,07/02/24,05/08/24,12,,Requiere inspección adicional en temporada de lluvias.,16/11/20,09/09/25 23:20
123539,Módulo de información,Módulo de información punto de atención al visitante.,6626,,Edificaciones de servicio,Operativas,,Parque Metropolitano de León,,,31.72,-106.43,CityInfra,HydroX,SN-71542,Plástico,40 m²,21/02/21,21/05/23,20,Retirado,Malo,,18/12/16,483917,163679,Ingreso propio,Luis Romero,Administración,http://manuales.parques.org/mobiliario.pdf,Uso exclusivo dentro del parque.,,10/11/24,09/05/25,12,,Activo en óptimas condiciones.,28/04/20,09/09/25 23:20
123540,Almacén de materiales,Almacén de materiales espacio de almacenamiento general.,6627,,Edificaciones de servicio,Operativas,,Gran Parque La Plancha,,,20.97844437,-89.61172739,SafeCity,ProLine,SN-82554,Acero,123 m²,17/07/18,28/06/25,20,Activo,Bueno,,17/05/20,157901,111668,Presupuesto municipal,Carlos Sánchez,Seguridad,http://manuales.parques.org/deportivo.pdf,Uso comunitario con previa reservación.,,02/09/21,24/02/23,36,,Requiere inspección adicional en temporada de lluvias.,10/07/16,09/09/25 23:20
123541,Puente peatonal,Puente peatonal paso elevado exclusivo para peatones.,6628,,Infraestructura básica,Puentes y accesos,,Bosque Los Colomos,,,20.70504496,-103.3902293,CityInfra,UrbanMax,SN-53637,Madera,34 m²,22/03/25,08/07/22,25,En Mantenimiento,Excelente,,22/10/20,350095,129791,Donación,Sofía Vargas,Eventos,http://manuales.parques.org/deportivo.pdf,Restringido en horarios nocturnos.,,19/09/21,18/03/22,12,,Activo en óptimas condiciones.,26/11/18,09/09/25 23:20
123542,Puente vehicular,Puente vehicular estructura para tránsito de vehículos.,6629,,Infraestructura básica,Puentes y accesos,,Parque Las Ribieras ,,,24.82111084,-107.4005941,UrbanPlay,HydroX,SN-89047,Acero,32 m²,24/09/23,19/08/25,20,Dañado,Regular,,09/11/16,367141,265373,Concesión,Juan Pérez,Seguridad,http://manuales.parques.org/deportivo.pdf,Cumplir normas de seguridad vigentes.,,27/10/24,25/04/25,12,,Requiere inspección adicional en temporada de lluvias.,30/08/19,09/09/25 23:20
123543,Paso elevado,Paso elevado pasarela sobre desnivel.,6630,,Infraestructura básica,Puentes y accesos,,Jardín Botánico de Culiacán,,,24.82376,-107.384967,AquaSolutions,EcoFlex,SN-33104,Plástico,85 m²,23/11/18,13/04/25,15,Retirado,Malo,,03/09/20,229930,133538,Presupuesto municipal,Carlos Sánchez,Mantenimiento,http://manuales.parques.org/mantenimientoX.pdf,Permitido solo con supervisión de personal.,,17/09/24,16/03/25,24,,Activo en óptimas condiciones.,03/05/18,09/09/25 23:20
123544,Pasarela metálica,Pasarela metálica estructura ligera de conexión.,6631,,Infraestructura básica,Puentes y accesos,,Parque Flor del Bosque,,,19.0211,-98.1011,EcoPark Systems,GreenLife,SN-17431,Acero,108 m²,24/03/19,21/10/22,15,Activo,Bueno,,03/06/21,180365,59046,Donación,Sofía Vargas,Jardinería,http://manuales.parques.org/mantenimientoX.pdf,Restringido en horarios nocturnos.,,24/12/23,21/06/24,24,,Revisión anual obligatoria.,28/03/20,09/09/25 23:20
123545,Puente colgante,Puente colgante puente suspendido para peatones.,6632,,Infraestructura básica,Puentes y accesos,,Parque Cultural Higalguense,,,20.09493696,-98.77239353,PlayTech,HydroX,SN-73246,Plástico,115 m²,09/03/22,23/07/24,15,En Mantenimiento,Excelente,,25/07/21,207974,144146,Patrocinio,Carlos Sánchez,Administración,http://manuales.parques.org/deportivo.pdf,Uso comunitario con previa reservación.,,09/04/22,04/04/23,120,,Plan de mejora programado.,01/08/17,09/09/25 23:20
123546,Resbaladilla doble,Resbaladilla doble juego infantil de deslizamiento.,6633,,Áreas deportivas,Pistas,,Parque Ecológico Explora,,,21.1215,-101.682,EcoPark Systems,HydroX,SN-52978,Madera,55 m²,08/11/25,10/07/25,10,Dañado,Regular,,14/03/16,294919,136595,Concesión,Luis Romero,Operación,http://manuales.parques.org/deportivo.pdf,Permitido solo con supervisión de personal.,,01/11/21,27/10/22,36,,Pendiente de reposición de piezas menores.,02/04/15,09/09/25 23:20
123547,Columpios inclusivos,Columpios inclusivos asientos adaptados para todos.,6634,,Áreas recreativas y de juego,Juegos infantiles,,Parque Fundidora,,,25.675,-100.286,UrbanPlay,SafePlay,SN-99465,Mixto,166 m²,08/01/22,10/02/24,20,Retirado,Malo,,28/03/19,276018,94713,Ingreso propio,Sofía Vargas,Eventos,http://manuales.parques.org/mobiliario.pdf,Permitido solo con supervisión de personal.,,29/04/23,23/04/24,36,,Activo en óptimas condiciones.,29/10/16,09/09/25 23:20
123548,Sube y baja,Sube y baja juego clásico de balance.,6635,,Áreas recreativas y de juego,Juegos infantiles,,Bosque de Chapultepec,,,19.4204,-99.1819,GreenBuild,UrbanMax,SN-23758,Madera,162 m²,02/08/18,11/11/24,5,Activo,Bueno,,11/01/22,330387,270308,Concesión,Ana Torres,Operación,http://manuales.parques.org/mobiliario.pdf,Uso exclusivo dentro del parque.,,19/09/20,13/03/22,60,,Requiere inspección adicional en temporada de lluvias.,30/04/19,09/09/25 23:20
123549,Trepador de cuerdas,Trepador de cuerdas estructura para escalar.,6636,,Áreas recreativas y de juego,Juegos infantiles,,Parque Tangamanga I,,,22.144,-101.019,GreenBuild,UrbanMax,SN-30436,Acero,138 m²,26/11/25,08/07/24,15,En Mantenimiento,Excelente,,03/07/15,323570,234618,Patrocinio,Juan Pérez,Eventos,http://manuales.parques.org/mobiliario.pdf,Cumplir normas de seguridad vigentes.,,25/03/23,15/09/24,12,,Pendiente de reposición de piezas menores.,28/02/20,09/09/25 23:20
123550,Torre de escalada,Torre de escalada módulo infantil vertical.,6637,,Áreas recreativas y de juego,Juegos infantiles,,Parque Metropolitano de Guadalajara,,,20.7167,-103.45,CityInfra,HydroX,SN-82260,Madera,124 m²,13/08/22,01/10/23,15,Dañado,Regular,,15/11/16,289348,241762,Ingreso propio,María López,Seguridad,http://manuales.parques.org/mantenimientoX.pdf,Permitido solo con supervisión de personal.,,04/12/23,27/05/25,60,,Pendiente de reposición de piezas menores.,13/12/17,09/09/25 23:20
123551,Paneles sensoriales,Paneles sensoriales tableros interactivos para niños.,6638,,Áreas recreativas y de juego,Áreas inclusivas,,Parque Bicentenario,,,19.478,-99.198,AquaSolutions,UrbanMax,SN-15388,Acero,151 m²,11/04/19,15/06/22,25,Retirado,Malo,,14/03/21,384433,320957,Concesión,María López,Mantenimiento,http://manuales.parques.org/mantenimientoX.pdf,Restringido en horarios nocturnos.,,07/08/21,02/08/22,24,,Requiere inspección adicional en temporada de lluvias.,14/02/15,09/09/25 23:20
123552,Carrusel,Carrusel juego giratorio para recreación.,6639,,Áreas recreativas y de juego,Juegos infantiles,,Parque La Mexicana,,,19.36,-99.28,UrbanPlay,EcoFlex,SN-56173,Mixto,168 m²,12/08/24,24/05/23,20,Activo,Bueno,,16/07/17,427111,319768,Ingreso propio,Carlos Sánchez,Mantenimiento,http://manuales.parques.org/mantenimientoX.pdf,Uso exclusivo dentro del parque.,,18/03/20,09/09/21,12,,Requiere inspección adicional en temporada de lluvias.,03/11/15,09/09/25 23:20
123553,Juego modular,Juego modular estructura infantil combinada.,6640,,Áreas recreativas y de juego,Juegos infantiles,,Parque Rufino Tamayo,,,25.65,-100.36,GreenBuild,ProLine,SN-83224,Acero,41 m²,08/10/23,02/06/23,10,En Mantenimiento,Excelente,,28/01/20,487112,357488,Patrocinio,Carlos Sánchez,Seguridad,http://manuales.parques.org/mobiliario.pdf,Uso comunitario con previa reservación.,,31/03/20,22/09/21,24,,Activo en óptimas condiciones.,26/12/19,09/09/25 23:20
123554,Resorte de caballito,Resorte de caballito juguete de balanceo.,6641,,Áreas recreativas y de juego,Juegos infantiles,,Parque Central Ciudad Juárez,,,20.99,-89.63,CityInfra,SafePlay,SN-42150,Acero,21 m²,13/04/20,25/08/25,20,Dañado,Regular,,05/01/22,74135,36195,Presupuesto municipal,Carlos Sánchez,Administración,http://manuales.parques.org/infraestructura.pdf,Uso exclusivo dentro del parque.,,01/03/21,23/08/22,60,,Activo en óptimas condiciones.,13/11/16,09/09/25 23:20
123555,Red de escalar,Red de escalar malla de cuerdas para trepar.,6642,,Áreas recreativas y de juego,Juegos infantiles,,Parque Guanajuato Bicentenario,,,21.02,-89.65,PlayTech,GreenLife,SN-37855,Plástico,200 m²,15/07/20,28/04/25,10,Retirado,Malo,,19/09/18,149796,123317,Concesión,Ana Torres,Eventos,http://manuales.parques.org/mantenimientoX.pdf,Uso comunitario con previa reservación.,,11/01/22,05/07/23,120,,Pendiente de reposición de piezas menores.,03/11/16,09/09/25 23:20
123556,Tractor cortacésped,Tractor cortacésped maquinaria para cortar césped.,6643,,Vehículos y maquinaria,Vehículos de trabajo,,Parque el Capitán,,,25.66521872,-100.360811,EcoPark Systems,HydroX,SN-15811,Mixto,133 m²,05/01/20,18/02/24,5,Activo,Bueno,,14/06/17,206452,63030,Patrocinio,Luis Romero,Mantenimiento,http://manuales.parques.org/mantenimientoX.pdf,Restringido en horarios nocturnos.,,26/05/23,22/11/23,24,,Revisión anual obligatoria.,04/12/15,09/09/25 23:20
123557,Vehículo utilitario eléctrico,Vehículo utilitario eléctrico transporte para personal.,6644,,Vehículos y maquinaria,Vehículos de trabajo,,Parque Metropolitano de León,,,31.72,-106.43,GreenBuild,X100,SN-47099,Plástico,5 m²,23/07/20,17/08/24,10,En Mantenimiento,Excelente,,17/06/20,202310,75082,Donación,Juan Pérez,Mantenimiento,http://manuales.parques.org/mantenimientoX.pdf,Cumplir normas de seguridad vigentes.,,15/09/24,14/03/25,36,,Requiere inspección adicional en temporada de lluvias.,30/06/16,09/09/25 23:20
123558,Retroexcavadora pequeña,Retroexcavadora pequeña máquina para excavaciones menores.,6645,,Vehículos y maquinaria,Maquinaria,,Gran Parque La Plancha,,,20.97844437,-89.61172739,GreenBuild,EcoFlex,SN-68368,Madera,96 m²,08/06/21,06/08/23,5,Dañado,Regular,,25/01/20,351936,248788,Patrocinio,María López,Seguridad,http://manuales.parques.org/mobiliario.pdf,Cumplir normas de seguridad vigentes.,,17/02/22,11/08/23,12,,Activo en óptimas condiciones.,12/12/17,09/09/25 23:20
123559,Carro de arrastre,Carro de arrastre remolque para transportar materiales.,6646,,Vehículos y maquinaria,Vehículos de trabajo,,Bosque Los Colomos,,,20.70504496,-103.3902293,SafeCity,GreenLife,SN-68256,Acero,36 m²,25/11/19,14/04/24,5,Retirado,Malo,,03/09/17,114007,102442,Concesión,Sofía Vargas,Operación,http://manuales.parques.org/deportivo.pdf,Restringido en horarios nocturnos.,,01/07/23,28/12/23,60,,Plan de mejora programado.,27/05/19,09/09/25 23:20
123560,Camión de volteo,Camión de volteo vehículo para carga pesada.,6647,,Vehículos y maquinaria,Vehículos de trabajo,,Parque Las Ribieras ,,,24.82111084,-107.4005941,AquaSolutions,GreenLife,SN-56863,Acero,25 m²,08/03/21,13/05/25,5,Activo,Bueno,,24/07/21,216971,185563,Presupuesto municipal,Carlos Sánchez,Seguridad,http://manuales.parques.org/deportivo.pdf,Permitido solo con supervisión de personal.,,14/08/22,09/08/23,12,,Revisión anual obligatoria.,10/01/16,09/09/25 23:20
123561,Barredora mecánica,Barredora mecánica equipo para limpieza vial.,6648,,Vehículos y maquinaria,Maquinaria,,Jardín Botánico de Culiacán,,,24.82376,-107.384967,UrbanPlay,GreenLife,SN-79235,Plástico,134 m²,26/10/22,17/12/22,25,En Mantenimiento,Excelente,,04/05/21,115318,49926,Ingreso propio,María López,Eventos,http://manuales.parques.org/mantenimientoX.pdf,Permitido solo con supervisión de personal.,,27/05/20,18/11/21,60,,Plan de mejora programado.,25/10/20,09/09/25 23:20
123562,Mini cargador,Mini cargador maquinaria compacta de obra.,6649,,Vehículos y maquinaria,Maquinaria,,Parque Flor del Bosque,,,19.0211,-98.1011,PlayTech,GreenLife,SN-37922,Acero,80 m²,08/06/23,07/05/25,10,Dañado,Regular,,18/01/21,277208,243801,Patrocinio,Luis Romero,Eventos,http://manuales.parques.org/mobiliario.pdf,Restringido en horarios nocturnos.,,04/02/22,03/08/22,36,,Activo en óptimas condiciones.,16/11/17,09/09/25 23:20
123563,Camión grúa,Camión grúa vehículo para levantar cargas.,6650,,Vehículos y maquinaria,Maquinaria,,Parque Cultural Higalguense,,,20.09493696,-98.77239353,SafeCity,HydroX,SN-31715,Madera,35 m²,04/08/23,19/03/23,25,Retirado,Malo,,20/07/20,16702,6458,Concesión,Ana Torres,Jardinería,http://manuales.parques.org/infraestructura.pdf,Uso comunitario con previa reservación.,,16/06/22,13/12/22,120,,Revisión anual obligatoria.,03/12/16,09/09/25 23:20
123564,Pulverizadora de agua,Pulverizadora de agua máquina para riego especializado.,6651,,Vehículos y maquinaria,Maquinaria,,Parque Ecológico Explora,,,21.1215,-101.682,GreenBuild,X100,SN-45889,Madera,92 m²,02/10/19,14/08/22,25,Activo,Bueno,,26/12/22,215472,108302,Presupuesto municipal,Ana Torres,Eventos,http://manuales.parques.org/mobiliario.pdf,Uso comunitario con previa reservación.,,27/09/22,22/09/23,12,,Revisión anual obligatoria.,16/05/18,09/09/25 23:20
123565,Carro de mantenimiento,Carro de mantenimiento vehículo para servicios internos.,6652,,Vehículos y maquinaria,Vehículos de trabajo,,Parque Fundidora,,,25.675,-100.286,EcoPark Systems,SafePlay,SN-79907,Plástico,112 m²,22/12/22,02/12/23,25,En Mantenimiento,Excelente,,20/05/20,337413,256247,Ingreso propio,María López,Mantenimiento,http://manuales.parques.org/infraestructura.pdf,Uso comunitario con previa reservación.,,14/11/22,13/05/23,60,,Activo en óptimas condiciones.,09/07/20,09/09/25 23:20
123566,Banca de concreto,Banca de concreto asiento fijo resistente.,6653,,Mobiliario urbano,Bancas y mesas,,Bosque de Chapultepec,,,19.4204,-99.1819,PlayTech,SafePlay,SN-72830,Plástico,120 m²,09/04/24,10/08/22,5,Dañado,Regular,,12/03/16,498592,345015,Concesión,Carlos Sánchez,Eventos,http://manuales.parques.org/deportivo.pdf,Uso exclusivo dentro del parque.,,31/05/24,27/11/24,36,,Activo en óptimas condiciones.,23/12/20,09/09/25 23:20
123567,Banca metálica,Banca metálica mobiliario urbano de acero.,6654,,Mobiliario urbano,Bancas y mesas,,Parque Tangamanga I,,,22.144,-101.019,UrbanPlay,UrbanMax,SN-30085,Acero,19 m²,07/08/23,02/03/23,10,Retirado,Malo,,19/08/21,118003,104251,Ingreso propio,Juan Pérez,Administración,http://manuales.parques.org/deportivo.pdf,Cumplir normas de seguridad vigentes.,,18/04/23,12/04/24,36,,Revisión anual obligatoria.,24/11/19,09/09/25 23:20
123568,Banca de madera,Banca de madera asiento clásico de parque.,6655,,Mobiliario urbano,Bancas y mesas,,Parque Metropolitano de Guadalajara,,,20.7167,-103.45,SafeCity,UrbanMax,SN-93984,Mixto,26 m²,03/11/21,20/09/25,5,Activo,Bueno,,26/07/19,41950,16366,Presupuesto municipal,Carlos Sánchez,Administración,http://manuales.parques.org/mantenimientoX.pdf,Uso comunitario con previa reservación.,,29/05/21,20/11/22,24,,Pendiente de reposición de piezas menores.,14/04/16,09/09/25 23:20
123569,Banca inclusiva,Banca inclusiva banco con espacio accesible.,6656,,Mobiliario urbano,Bancas y mesas,,Parque Bicentenario,,,19.478,-99.198,GreenBuild,EcoFlex,SN-13811,Acero,8 m²,29/06/22,29/08/24,10,En Mantenimiento,Excelente,,13/01/15,66840,39984,Donación,Luis Romero,Seguridad,http://manuales.parques.org/infraestructura.pdf,Uso comunitario con previa reservación.,,12/09/21,06/03/23,24,,Activo en óptimas condiciones.,18/05/18,09/09/25 23:20
123570,Banca circular,Banca circular estructura alrededor de árbol.,6657,,Mobiliario urbano,Bancas y mesas,,Parque La Mexicana,,,19.36,-99.28,UrbanPlay,UrbanMax,SN-56550,Mixto,31 m²,12/07/21,29/01/22,25,Dañado,Regular,,16/07/18,261439,219549,Ingreso propio,Sofía Vargas,Mantenimiento,http://manuales.parques.org/infraestructura.pdf,Uso exclusivo dentro del parque.,,23/05/21,19/11/21,36,,Revisión anual obligatoria.,20/03/18,09/09/25 23:20
123571,Banca plegable,Banca plegable asiento portátil temporal.,6658,,Mobiliario urbano,Bancas y mesas,,Parque Rufino Tamayo,,,25.65,-100.36,UrbanPlay,GreenLife,SN-45803,Madera,68 m²,30/01/24,07/06/24,5,Retirado,Malo,,20/02/20,415097,167282,Donación,Juan Pérez,Jardinería,http://manuales.parques.org/deportivo.pdf,Restringido en horarios nocturnos.,,25/04/24,17/10/25,60,,Revisión anual obligatoria.,16/12/15,09/09/25 23:20
123572,Banca moderna,Banca moderna diseño contemporáneo urbano.,6659,,Mobiliario urbano,Bancas y mesas,,Parque Central Ciudad Juárez,,,20.99,-89.63,UrbanPlay,HydroX,SN-10985,Plástico,59 m²,25/11/24,07/03/22,10,Activo,Bueno,,11/10/22,305074,229614,Presupuesto municipal,Carlos Sánchez,Eventos,http://manuales.parques.org/deportivo.pdf,Permitido solo con supervisión de personal.,,16/03/24,11/03/25,120,,Activo en óptimas condiciones.,17/04/20,09/09/25 23:20
123573,Banca de piedra,Banca de piedra asiento rústico resistente.,6660,,Mobiliario urbano,Bancas y mesas,,Parque Guanajuato Bicentenario,,,21.02,-89.65,CityInfra,HydroX,SN-51533,Plástico,14 m²,27/05/19,27/03/23,5,En Mantenimiento,Excelente,,11/09/15,388175,280460,Presupuesto municipal,María López,Seguridad,http://manuales.parques.org/mobiliario.pdf,Permitido solo con supervisión de personal.,,01/02/21,27/01/22,24,,Requiere inspección adicional en temporada de lluvias.,15/05/15,09/09/25 23:20
123574,Banca con respaldo,Banca con respaldo asiento ergonómico fijo.,6661,,Mobiliario urbano,Bancas y mesas,,Parque el Capitán,,,25.66521872,-100.360811,UrbanPlay,X100,SN-60729,Plástico,33 m²,29/01/20,28/08/23,10,Dañado,Regular,,05/08/17,165165,56682,Concesión,María López,Operación,http://manuales.parques.org/deportivo.pdf,Uso exclusivo dentro del parque.,,23/07/24,14/01/26,120,,Plan de mejora programado.,29/03/17,09/09/25 23:20
123575,Banca unipersonal,Banca unipersonal asiento individual urbano.,6662,,Mobiliario urbano,Bancas y mesas,,Parque Metropolitano de León,,,31.72,-106.43,PlayTech,SafePlay,SN-16758,Plástico,72 m²,12/08/22,28/09/25,20,Retirado,Malo,,03/05/22,475805,230360,Donación,Sofía Vargas,Mantenimiento,http://manuales.parques.org/mantenimientoX.pdf,Permitido solo con supervisión de personal.,,09/08/22,05/02/23,12,,Requiere inspección adicional en temporada de lluvias.,17/03/19,09/09/25 23:20
123576,Bote metálico,Bote metálico contenedor resistente para residuos.,6663,,Mobiliario urbano,Contenedores,,Gran Parque La Plancha,,,20.97844437,-89.61172739,SafeCity,X100,SN-47002,Plástico,44 m²,06/07/25,31/05/23,10,Activo,Bueno,,23/11/20,384429,303856,Donación,Carlos Sánchez,Administración,http://manuales.parques.org/infraestructura.pdf,Restringido en horarios nocturnos.,,21/06/24,18/12/24,12,,Plan de mejora programado.,24/03/19,09/09/25 23:20
123577,Bote plástico,Bote plástico depósito ligero de basura.,6664,,Mobiliario urbano,Contenedores,,Bosque Los Colomos,,,20.70504496,-103.3902293,GreenBuild,EcoFlex,SN-16303,Madera,81 m²,19/11/23,24/01/22,20,En Mantenimiento,Excelente,,17/01/19,98544,46606,Patrocinio,Luis Romero,Mantenimiento,http://manuales.parques.org/mantenimientoX.pdf,Uso exclusivo dentro del parque.,,21/01/22,20/07/22,60,,Revisión anual obligatoria.,30/03/19,09/09/25 23:20
123578,Bote orgánico,Bote orgánico contenedor para desechos biodegradables.,6665,,Mobiliario urbano,Contenedores,,Parque Las Ribieras ,,,24.82111084,-107.4005941,CityInfra,UrbanMax,SN-85520,Plástico,168 m²,26/05/22,25/11/23,15,Dañado,Regular,,04/11/22,303524,211297,Ingreso propio,Sofía Vargas,Mantenimiento,http://manuales.parques.org/mobiliario.pdf,Cumplir normas de seguridad vigentes.,,04/10/22,29/09/23,36,,Requiere inspección adicional en temporada de lluvias.,30/01/18,09/09/25 23:20
123579,Bote inorgánico,Bote inorgánico contenedor para residuos generales.,6666,,Mobiliario urbano,Contenedores,,Jardín Botánico de Culiacán,,,24.82376,-107.384967,SafeCity,UrbanMax,SN-94135,Acero,27 m²,11/03/25,23/11/24,25,Retirado,Malo,,03/11/22,405911,185390,Presupuesto municipal,Carlos Sánchez,Seguridad,http://manuales.parques.org/deportivo.pdf,Cumplir normas de seguridad vigentes.,,07/03/22,29/08/23,12,,Pendiente de reposición de piezas menores.,29/06/17,09/09/25 23:20
123580,Bote PET,Bote PET recipiente para reciclaje plástico.,6667,,Mobiliario urbano,Contenedores,,Parque Flor del Bosque,,,19.0211,-98.1011,GreenBuild,HydroX,SN-56538,Mixto,57 m²,30/03/22,22/10/25,15,Activo,Bueno,,23/02/17,244083,135526,Presupuesto municipal,María López,Operación,http://manuales.parques.org/deportivo.pdf,Uso exclusivo dentro del parque.,,21/01/22,15/07/23,24,,Revisión anual obligatoria.,22/08/19,09/09/25 23:20
123581,Contenedor soterrado,Contenedor soterrado depósito subterráneo para basura.,6668,,Mobiliario urbano,Contenedores,,Parque Cultural Higalguense,,,20.09493696,-98.77239353,UrbanPlay,X100,SN-42144,Plástico,103 m²,23/04/23,16/12/25,20,En Mantenimiento,Excelente,,04/08/19,334588,116562,Concesión,María López,Administración,http://manuales.parques.org/mobiliario.pdf,Uso comunitario con previa reservación.,,16/02/20,10/02/21,60,,Pendiente de reposición de piezas menores.,07/12/20,09/09/25 23:20
123582,Bote antivandálico,Bote antivandálico recipiente reforzado contra daños.,6669,,Mobiliario urbano,Contenedores,,Parque Ecológico Explora,,,21.1215,-101.682,EcoPark Systems,EcoFlex,SN-60815,Plástico,126 m²,30/05/23,29/06/25,25,Dañado,Regular,,25/01/18,59774,30959,Concesión,Luis Romero,Administración,http://manuales.parques.org/deportivo.pdf,Uso comunitario con previa reservación.,,07/01/21,06/07/21,24,,Plan de mejora programado.,07/03/19,09/09/25 23:20
123583,Bote con pedal,Bote con pedal basurero con apertura manual.,6670,,Mobiliario urbano,Contenedores,,Parque Fundidora,,,25.675,-100.286,SafeCity,ProLine,SN-12235,Acero,99 m²,04/04/20,26/06/22,10,Retirado,Malo,,06/07/16,464579,154205,Patrocinio,María López,Jardinería,http://manuales.parques.org/mantenimientoX.pdf,Permitido solo con supervisión de personal.,,31/08/21,26/08/22,24,,Activo en óptimas condiciones.,02/12/20,09/09/25 23:20
123584,Bote artístico,Bote artístico contenedor con diseño estético.,6671,,Mobiliario urbano,Contenedores,,Bosque de Chapultepec,,,19.4204,-99.1819,AquaSolutions,EcoFlex,SN-74687,Madera,151 m²,30/01/21,13/11/25,10,Activo,Bueno,,20/02/22,112757,84117,Concesión,Luis Romero,Seguridad,http://manuales.parques.org/mantenimientoX.pdf,Permitido solo con supervisión de personal.,,31/07/23,21/01/25,24,,Revisión anual obligatoria.,10/10/17,09/09/25 23:20
123585,Bote con sensor,Bote con sensor recipiente inteligente automatizado.,6672,,Mobiliario urbano,Contenedores,,Parque Tangamanga I,,,22.144,-101.019,AquaSolutions,UrbanMax,SN-44681,Madera,191 m²,10/12/23,03/02/23,10,En Mantenimiento,Excelente,,10/08/19,60655,53223,Patrocinio,Luis Romero,Mantenimiento,http://manuales.parques.org/mobiliario.pdf,Uso comunitario con previa reservación.,,25/05/23,21/11/23,12,,Activo en óptimas condiciones.,04/08/20,09/09/25 23:20
123586,Mesa de madera,Mesa de madera mesa rústica para picnic.,6673,,Mobiliario urbano,Bancas y mesas,,Parque Metropolitano de Guadalajara,,,20.7167,-103.45,GreenBuild,SafePlay,SN-90398,Plástico,83 m²,18/12/24,12/11/23,10,Dañado,Regular,,12/12/19,126367,74389,Presupuesto municipal,Carlos Sánchez,Jardinería,http://manuales.parques.org/deportivo.pdf,Permitido solo con supervisión de personal.,,30/12/20,28/06/21,36,,Requiere inspección adicional en temporada de lluvias.,28/10/20,09/09/25 23:20
123587,Mesa de concreto,Mesa de concreto mesa robusta exterior.,6674,,Mobiliario urbano,Bancas y mesas,,Parque Bicentenario,,,19.478,-99.198,CityInfra,ProLine,SN-54410,Acero,70 m²,29/08/25,16/01/22,25,Retirado,Malo,,19/12/16,426367,223984,Patrocinio,Juan Pérez,Eventos,http://manuales.parques.org/infraestructura.pdf,Permitido solo con supervisión de personal.,,11/12/21,06/12/22,36,,Plan de mejora programado.,24/05/15,09/09/25 23:20
123588,Mesa metálica,Mesa metálica superficie duradera para comer.,6675,,Mobiliario urbano,Bancas y mesas,,Parque La Mexicana,,,19.36,-99.28,UrbanPlay,GreenLife,SN-38007,Mixto,20 m²,15/01/25,29/05/24,10,Activo,Bueno,,10/07/15,206581,131076,Presupuesto municipal,Ana Torres,Mantenimiento,http://manuales.parques.org/infraestructura.pdf,Permitido solo con supervisión de personal.,,22/03/21,17/03/22,36,,Requiere inspección adicional en temporada de lluvias.,04/03/17,09/09/25 23:20
123589,Mesa con sombrilla,Mesa con sombrilla mesa con sombra integrada.,6676,,Mobiliario urbano,Bancas y mesas,,Parque Rufino Tamayo,,,25.65,-100.36,AquaSolutions,ProLine,SN-58169,Plástico,184 m²,21/01/23,01/09/23,10,En Mantenimiento,Excelente,,03/01/15,5578,2514,Concesión,Ana Torres,Seguridad,http://manuales.parques.org/infraestructura.pdf,Permitido solo con supervisión de personal.,,20/05/24,16/11/24,120,,Requiere inspección adicional en temporada de lluvias.,04/01/18,09/09/25 23:20
123590,Mesa accesible,Mesa accesible mesa adaptada para sillas.,6677,,Mobiliario urbano,Bancas y mesas,,Parque Central Ciudad Juárez,,,20.99,-89.63,EcoPark Systems,HydroX,SN-18435,Acero,91 m²,19/01/22,23/08/23,20,Dañado,Regular,,12/11/19,325483,191046,Concesión,Sofía Vargas,Eventos,http://manuales.parques.org/mantenimientoX.pdf,Restringido en horarios nocturnos.,,05/03/23,01/09/23,60,,Pendiente de reposición de piezas menores.,17/02/17,09/09/25 23:20
123591,Mesa plegable,Mesa plegable mesa portátil de parque.,6678,,Mobiliario urbano,Bancas y mesas,,Parque Guanajuato Bicentenario,,,21.02,-89.65,GreenBuild,GreenLife,SN-27932,Plástico,75 m²,26/04/21,09/11/22,5,Retirado,Malo,,07/08/16,445473,399530,Concesión,Ana Torres,Jardinería,http://manuales.parques.org/mantenimientoX.pdf,Uso comunitario con previa reservación.,,10/07/23,04/07/24,24,,Revisión anual obligatoria.,07/10/16,09/09/25 23:20
123592,Mesa circular,Mesa circular mesa redonda comunitaria.,6679,,Mobiliario urbano,Bancas y mesas,,Parque el Capitán,,,25.66521872,-100.360811,UrbanPlay,EcoFlex,SN-98644,Madera,181 m²,11/08/21,09/12/25,20,Activo,Bueno,,21/08/17,87761,46359,Concesión,Ana Torres,Mantenimiento,http://manuales.parques.org/infraestructura.pdf,Cumplir normas de seguridad vigentes.,,19/07/23,15/01/24,60,,Revisión anual obligatoria.,28/03/16,09/09/25 23:20
123593,Mesa con bancas,Mesa con bancas mesa integrada multifuncional.,6680,,Mobiliario urbano,Bancas y mesas,,Parque Metropolitano de León,,,31.72,-106.43,CityInfra,X100,SN-49178,Plástico,58 m²,02/11/22,05/02/22,15,En Mantenimiento,Excelente,,08/06/16,13234,11511,Ingreso propio,María López,Jardinería,http://manuales.parques.org/mobiliario.pdf,Uso exclusivo dentro del parque.,,03/12/21,28/11/22,120,,Pendiente de reposición de piezas menores.,16/10/15,09/09/25 23:20
123594,Mesa de acero,Mesa de acero mesa duradera anticorrosión.,6681,,Mobiliario urbano,Bancas y mesas,,Gran Parque La Plancha,,,20.97844437,-89.61172739,AquaSolutions,UrbanMax,SN-54655,Mixto,150 m²,14/09/21,12/07/23,15,Dañado,Regular,,26/10/18,293289,231265,Concesión,Sofía Vargas,Operación,http://manuales.parques.org/deportivo.pdf,Cumplir normas de seguridad vigentes.,,21/06/24,16/06/25,36,,Activo en óptimas condiciones.,25/12/19,09/09/25 23:20
123595,Mesa de bambú,Mesa de bambú mesa ecológica ligera.,6682,,Mobiliario urbano,Bancas y mesas,,Bosque Los Colomos,,,20.70504496,-103.3902293,UrbanPlay,GreenLife,SN-48469,Madera,129 m²,13/02/19,15/04/24,5,Retirado,Malo,,13/05/21,432076,348053,Concesión,Sofía Vargas,Jardinería,http://manuales.parques.org/mobiliario.pdf,Permitido solo con supervisión de personal.,,30/12/20,28/06/21,60,,Plan de mejora programado.,20/02/18,09/09/25 23:20
123596,Señal de reglamento,Señal de reglamento cartel con normas básicas.,6683,,Infraestructura básica,Señalética,,Parque Las Ribieras ,,,24.82111084,-107.4005941,SafeCity,SafePlay,SN-84603,Mixto,45 m²,28/05/22,28/02/22,15,Activo,Bueno,,23/04/22,269899,142425,Donación,Carlos Sánchez,Mantenimiento,http://manuales.parques.org/infraestructura.pdf,Cumplir normas de seguridad vigentes.,,26/07/23,20/07/24,60,,Revisión anual obligatoria.,08/09/18,09/09/25 23:20
123597,Señal direccional,Señal direccional señal para orientar visitantes.,6684,,Infraestructura básica,Señalética,,Jardín Botánico de Culiacán,,,24.82376,-107.384967,CityInfra,ProLine,SN-72100,Plástico,152 m²,15/06/25,07/02/25,25,En Mantenimiento,Excelente,,03/12/17,116937,77862,Ingreso propio,Juan Pérez,Jardinería,http://manuales.parques.org/infraestructura.pdf,Restringido en horarios nocturnos.,,04/03/24,27/02/25,60,,Requiere inspección adicional en temporada de lluvias.,24/10/18,09/09/25 23:20
123598,Señal interpretativa,Señal interpretativa panel educativo de flora.,6685,,Infraestructura básica,Señalética,,Parque Flor del Bosque,,,19.0211,-98.1011,SafeCity,UrbanMax,SN-36159,Mixto,6 m²,03/06/18,25/07/24,25,Dañado,Regular,,21/09/21,249381,105771,Concesión,Luis Romero,Eventos,http://manuales.parques.org/mobiliario.pdf,Uso comunitario con previa reservación.,,07/12/21,05/06/22,24,,Activo en óptimas condiciones.,23/10/19,09/09/25 23:20
123599,Señal de emergencia,Señal de emergencia cartel de seguridad vital.,6686,,Infraestructura básica,Señalética,,Parque Cultural Higalguense,,,20.09493696,-98.77239353,CityInfra,GreenLife,SN-98568,Madera,86 m²,25/05/24,04/04/25,10,Retirado,Malo,,30/09/19,20845,13109,Ingreso propio,Ana Torres,Eventos,http://manuales.parques.org/mantenimientoX.pdf,Restringido en horarios nocturnos.,,18/12/22,13/12/23,36,,Activo en óptimas condiciones.,13/10/15,09/09/25 23:20
123600,Señal de acceso,Señal de acceso aviso de entrada restringida.,6687,,Infraestructura básica,Señalética,,Parque Ecológico Explora,,,21.1215,-101.682,EcoPark Systems,EcoFlex,SN-81554,Mixto,55 m²,11/11/23,01/04/23,10,Activo,Bueno,,27/12/19,476023,250485,Ingreso propio,Luis Romero,Eventos,http://manuales.parques.org/mobiliario.pdf,Uso exclusivo dentro del parque.,,25/12/20,23/06/21,60,,Requiere inspección adicional en temporada de lluvias.,06/10/20,09/09/25 23:20
123601,Señal turística,Señal turística letrero de interés cultural.,6688,,Infraestructura básica,Señalética,,Parque Fundidora,,,25.675,-100.286,AquaSolutions,GreenLife,SN-41519,Plástico,182 m²,03/01/24,29/09/25,5,En Mantenimiento,Excelente,,20/04/22,43574,36053,Presupuesto municipal,Ana Torres,Eventos,http://manuales.parques.org/mobiliario.pdf,Permitido solo con supervisión de personal.,,25/03/24,16/09/25,120,,Requiere inspección adicional en temporada de lluvias.,04/05/20,09/09/25 23:20
123602,Señal braille,Señal braille señal inclusiva para invidentes.,6689,,Infraestructura básica,Señalética,,Bosque de Chapultepec,,,19.4204,-99.1819,SafeCity,UrbanMax,SN-50426,Mixto,32 m²,06/05/24,30/10/24,10,Dañado,Regular,,24/03/20,152731,81839,Presupuesto municipal,Sofía Vargas,Operación,http://manuales.parques.org/deportivo.pdf,Permitido solo con supervisión de personal.,,16/04/22,11/04/23,60,,Requiere inspección adicional en temporada de lluvias.,04/07/20,09/09/25 23:20
123603,Señal luminosa,Señal luminosa señal iluminada de advertencia.,6690,,Infraestructura básica,Señalética,,Parque Tangamanga I,,,22.144,-101.019,SafeCity,X100,SN-20644,Madera,75 m²,18/04/22,17/10/22,15,Retirado,Malo,,25/07/19,309066,200128,Concesión,Sofía Vargas,Mantenimiento,http://manuales.parques.org/mobiliario.pdf,Permitido solo con supervisión de personal.,,21/09/21,15/03/23,12,,Activo en óptimas condiciones.,08/07/20,09/09/25 23:20
123604,Señal de velocidad,Señal de velocidad letrero con límite interno.,6691,,Infraestructura básica,Señalética,,Parque Metropolitano de Guadalajara,,,20.7167,-103.45,AquaSolutions,SafePlay,SN-10847,Plástico,199 m²,18/11/22,02/05/23,15,Activo,Bueno,,18/08/21,189039,104240,Ingreso propio,María López,Mantenimiento,http://manuales.parques.org/infraestructura.pdf,Cumplir normas de seguridad vigentes.,,14/10/23,11/04/24,36,,Requiere inspección adicional en temporada de lluvias.,02/09/17,09/09/25 23:20
123605,Señal de prohibición,Señal de prohibición cartel de restricción específica.,6692,,Infraestructura básica,Señalética,,Parque Bicentenario,,,19.478,-99.198,PlayTech,EcoFlex,SN-31748,Plástico,126 m²,14/04/18,22/01/24,5,En Mantenimiento,Excelente,,15/02/22,86127,31380,Ingreso propio,María López,Mantenimiento,http://manuales.parques.org/infraestructura.pdf,Uso comunitario con previa reservación.,,19/07/20,15/01/21,24,,Plan de mejora programado.,21/03/16,09/09/25 23:20
123606,Aspersores automáticos,Aspersores automáticos sistema programado de riego.,6693,,Recursos hídricos,Infraestructura,,Parque La Mexicana,,,19.36,-99.28,AquaSolutions,X100,SN-64000,Mixto,141 m²,16/04/22,16/05/24,10,Dañado,Regular,,03/03/19,341587,109858,Patrocinio,Carlos Sánchez,Eventos,http://manuales.parques.org/infraestructura.pdf,Restringido en horarios nocturnos.,,09/07/22,04/07/23,120,,Plan de mejora programado.,10/12/17,09/09/25 23:20
123607,Sistema de goteo,Sistema de goteo riego eficiente bajo tierra.,6694,,Recursos hídricos,Infraestructura,,Parque Rufino Tamayo,,,25.65,-100.36,AquaSolutions,SafePlay,SN-26271,Acero,86 m²,28/12/22,07/07/25,10,Retirado,Malo,,12/07/16,377451,146061,Patrocinio,Luis Romero,Seguridad,http://manuales.parques.org/mantenimientoX.pdf,Cumplir normas de seguridad vigentes.,,20/04/22,15/04/23,12,,Revisión anual obligatoria.,21/02/19,09/09/25 23:20
123608,Red hidráulica,Red hidráulica tuberías distribuidoras de agua.,6695,,Áreas recreativas y de juego,Juegos infantiles,,Parque Central Ciudad Juárez,,,20.99,-89.63,GreenBuild,EcoFlex,SN-60328,Mixto,6 m²,24/09/19,15/08/23,15,Activo,Bueno,,26/12/22,109371,56573,Patrocinio,Ana Torres,Eventos,http://manuales.parques.org/deportivo.pdf,Uso comunitario con previa reservación.,,02/01/22,28/12/22,24,,Plan de mejora programado.,09/06/20,09/09/25 23:20
123609,Controlador central,Controlador central panel de control de riego.,6696,,Edificaciones de servicio,Seguridad,,Parque Guanajuato Bicentenario,,,21.02,-89.65,GreenBuild,UrbanMax,SN-43836,Acero,34 m²,31/03/21,17/10/24,15,En Mantenimiento,Excelente,,08/02/22,62598,45877,Presupuesto municipal,Sofía Vargas,Mantenimiento,http://manuales.parques.org/infraestructura.pdf,Uso comunitario con previa reservación.,,16/09/20,11/09/21,120,,Plan de mejora programado.,20/05/18,09/09/25 23:20
123610,Tanque elevado,Tanque elevado depósito elevado de agua.,6697,,Recursos hídricos,Infraestructura,,Parque el Capitán,,,25.66521872,-100.360811,SafeCity,SafePlay,SN-46024,Plástico,29 m²,07/12/19,27/12/24,25,Dañado,Regular,,03/06/16,138900,47475,Donación,Juan Pérez,Jardinería,http://manuales.parques.org/mantenimientoX.pdf,Cumplir normas de seguridad vigentes.,,03/09/22,25/02/24,24,,Activo en óptimas condiciones.,24/06/20,09/09/25 23:20
123611,Cisterna de agua,Cisterna de agua contenedor subterráneo de almacenamiento.,6698,,Recursos hídricos,Infraestructura,,Parque Metropolitano de León,,,31.72,-106.43,EcoPark Systems,ProLine,SN-33057,Plástico,143 m²,16/01/21,02/10/23,25,Retirado,Malo,,21/12/22,73337,62202,Donación,Luis Romero,Eventos,http://manuales.parques.org/mantenimientoX.pdf,Permitido solo con supervisión de personal.,,22/06/20,17/06/21,60,,Pendiente de reposición de piezas menores.,14/01/17,09/09/25 23:20
123612,Sensor de humedad,Sensor de humedad dispositivo para medir agua en suelo.,6699,,Recursos hídricos,Infraestructura,,Gran Parque La Plancha,,,20.97844437,-89.61172739,CityInfra,GreenLife,SN-71572,Plástico,47 m²,09/03/19,11/06/25,10,Activo,Bueno,,06/03/19,161704,104165,Concesión,Carlos Sánchez,Mantenimiento,http://manuales.parques.org/infraestructura.pdf,Uso exclusivo dentro del parque.,,01/01/24,29/06/24,60,,Revisión anual obligatoria.,07/06/16,09/09/25 23:20
123613,Aspersores de cañón,Aspersores de cañón aspersores de largo alcance.,6700,,Recursos hídricos,Infraestructura,,Bosque Los Colomos,,,20.70504496,-103.3902293,PlayTech,ProLine,SN-71473,Acero,113 m²,08/05/23,05/11/22,5,En Mantenimiento,Excelente,,14/03/15,315550,227612,Patrocinio,María López,Jardinería,http://manuales.parques.org/infraestructura.pdf,Uso comunitario con previa reservación.,,26/07/21,17/01/23,12,,Requiere inspección adicional en temporada de lluvias.,15/01/19,09/09/25 23:20
123614,Bomba eléctrica,Bomba eléctrica motor para presión hidráulica.,6701,,Recursos hídricos,Infraestructura,,Parque Las Ribieras ,,,24.82111084,-107.4005941,UrbanPlay,SafePlay,SN-97206,Mixto,156 m²,23/01/20,13/10/25,5,Dañado,Regular,,11/03/21,373662,144972,Ingreso propio,Luis Romero,Seguridad,http://manuales.parques.org/mobiliario.pdf,Cumplir normas de seguridad vigentes.,,05/10/20,03/04/21,60,,Plan de mejora programado.,20/09/20,09/09/25 23:20
123615,Red de mangueras,Red de mangueras conjunto flexible de conducción.,6702,,Áreas recreativas y de juego,Juegos infantiles,,Jardín Botánico de Culiacán,,,24.82376,-107.384967,AquaSolutions,ProLine,SN-60250,Madera,114 m²,26/01/19,15/10/24,15,Retirado,Malo,,13/10/19,278879,232036,Ingreso propio,Juan Pérez,Seguridad,http://manuales.parques.org/deportivo.pdf,Permitido solo con supervisión de personal.,,23/09/21,17/03/23,60,,Plan de mejora programado.,10/08/19,09/09/25 23:20
123616,Camioneta de mantenimiento,Camioneta de mantenimiento vehículo para servicios técnicos.,6703,,Vehículos y maquinaria,Vehículos de trabajo,,Parque Flor del Bosque,,,19.0211,-98.1011,CityInfra,UrbanMax,SN-71887,Mixto,155 m²,13/05/18,17/10/23,25,Activo,Bueno,,13/08/21,237646,79392,Presupuesto municipal,Luis Romero,Jardinería,http://manuales.parques.org/mobiliario.pdf,Uso comunitario con previa reservación.,,01/03/24,23/08/25,12,,Revisión anual obligatoria.,23/02/20,09/09/25 23:20
123617,Camioneta de carga,Camioneta de carga vehículo para transportar insumos.,6704,,Vehículos y maquinaria,Vehículos de trabajo,,Parque Cultural Higalguense,,,20.09493696,-98.77239353,UrbanPlay,SafePlay,SN-26774,Madera,58 m²,11/07/21,14/10/25,20,En Mantenimiento,Excelente,,02/11/15,401083,281254,Patrocinio,Sofía Vargas,Eventos,http://manuales.parques.org/mantenimientoX.pdf,Restringido en horarios nocturnos.,,16/03/20,12/09/20,120,,Revisión anual obligatoria.,09/08/20,09/09/25 23:20
123618,Motocicleta de vigilancia,Motocicleta de vigilancia transporte ágil de seguridad.,6705,,Edificaciones de servicio,Seguridad,,Parque Ecológico Explora,,,21.1215,-101.682,PlayTech,HydroX,SN-57285,Plástico,72 m²,26/08/22,16/01/23,10,Dañado,Regular,,04/02/15,50420,26688,Patrocinio,Juan Pérez,Operación,http://manuales.parques.org/mobiliario.pdf,Uso comunitario con previa reservación.,,20/08/24,16/02/25,60,,Revisión anual obligatoria.,11/07/19,09/09/25 23:20
123619,Carro eléctrico,Carro eléctrico vehículo ecológico de traslado.,6706,,Vehículos y maquinaria,Vehículos de trabajo,,Parque Fundidora,,,25.675,-100.286,UrbanPlay,UrbanMax,SN-81083,Mixto,155 m²,23/09/20,17/03/25,25,Retirado,Malo,,02/05/22,386605,283401,Donación,Luis Romero,Mantenimiento,http://manuales.parques.org/infraestructura.pdf,Restringido en horarios nocturnos.,,26/01/22,20/07/23,12,,Pendiente de reposición de piezas menores.,21/06/19,09/09/25 23:20
123620,Camión cisterna,Camión cisterna vehículo de transporte de agua.,6707,,Vehículos y maquinaria,Vehículos de trabajo,,Bosque de Chapultepec,,,19.4204,-99.1819,CityInfra,SafePlay,SN-48712,Acero,129 m²,14/12/22,20/01/24,20,Activo,Bueno,,30/11/16,332958,128668,Concesión,Luis Romero,Eventos,http://manuales.parques.org/infraestructura.pdf,Cumplir normas de seguridad vigentes.,,23/11/24,17/05/26,12,,Revisión anual obligatoria.,07/06/18,09/09/25 23:20
123621,Camioneta doble cabina,Camioneta doble cabina vehículo multifuncional de trabajo.,6708,,Vehículos y maquinaria,Vehículos de trabajo,,Parque Tangamanga I,,,22.144,-101.019,UrbanPlay,HydroX,SN-44182,Plástico,121 m²,09/10/18,16/03/25,25,En Mantenimiento,Excelente,,04/01/19,197763,148664,Ingreso propio,Luis Romero,Jardinería,http://manuales.parques.org/mantenimientoX.pdf,Uso exclusivo dentro del parque.,,18/12/22,16/06/23,120,,Activo en óptimas condiciones.,22/01/16,09/09/25 23:20
123622,Camión de pasajeros,Camión de pasajeros transporte interno colectivo.,6709,,Vehículos y maquinaria,Vehículos de trabajo,,Parque Metropolitano de Guadalajara,,,20.7167,-103.45,SafeCity,UrbanMax,SN-78968,Plástico,184 m²,16/09/22,26/06/24,10,Dañado,Regular,,13/11/20,492424,274326,Ingreso propio,Sofía Vargas,Jardinería,http://manuales.parques.org/mobiliario.pdf,Cumplir normas de seguridad vigentes.,,02/05/22,27/04/23,60,,Revisión anual obligatoria.,13/10/17,09/09/25 23:20
123623,Vehículo todoterreno,Vehículo todoterreno transporte para supervisión en campo.,6710,,Vehículos y maquinaria,Vehículos de trabajo,,Parque Bicentenario,,,19.478,-99.198,UrbanPlay,ProLine,SN-35525,Mixto,148 m²,02/09/21,23/10/25,5,Retirado,Malo,,10/09/18,295706,134770,Patrocinio,Ana Torres,Administración,http://manuales.parques.org/mobiliario.pdf,Permitido solo con supervisión de personal.,,02/11/21,28/10/22,60,,Pendiente de reposición de piezas menores.,22/06/19,09/09/25 23:20
123624,Cuatrimoto,Cuatrimoto vehículo ágil para terrenos difíciles.,6711,,Vehículos y maquinaria,Vehículos de trabajo,,Parque La Mexicana,,,19.36,-99.28,EcoPark Systems,EcoFlex,SN-33898,Mixto,54 m²,04/09/21,28/07/23,5,Activo,Bueno,,21/05/17,421637,189016,Donación,Sofía Vargas,Mantenimiento,http://manuales.parques.org/mobiliario.pdf,Restringido en horarios nocturnos.,,27/01/23,22/01/24,12,,Requiere inspección adicional en temporada de lluvias.,24/05/16,09/09/25 23:20
123625,Carrito de golf,Carrito de golf vehículo eléctrico recreativo.,6712,,Vehículos y maquinaria,Vehículos de trabajo,,Parque Rufino Tamayo,,,25.65,-100.36,EcoPark Systems,SafePlay,SN-11486,Madera,84 m²,08/12/19,16/07/22,15,En Mantenimiento,Excelente,,28/03/16,108337,94970,Presupuesto municipal,María López,Seguridad,http://manuales.parques.org/mantenimientoX.pdf,Restringido en horarios nocturnos.,,16/04/24,11/04/25,120,,Requiere inspección adicional en temporada de lluvias.,08/10/16,09/09/25 23:20
,,,,,,,,,,,,,,,,,,,,,,,,,,,,,,,,Mensual,,,,,,,